INSERT INTO Konto VALUES ('Maciek', '1234', 0, 'Ujeden');
INSERT INTO Konto VALUES ('Pawel', '1234', 1, 'Njeden');
INSERT INTO Uczen VALUES ('Ujeden', DEFAULT, 'Maciek', 'Bandura','12345678998', TO_DATE('2011/05/16', 'yyyy/mm/dd'),'Kielce', '0');
INSERT INTO Uczen VALUES ('Udwa', DEFAULT,  'Marcin', 'Ślusarczyk','12345678998', TO_DATE('2014/11/21', 'yyyy/mm/dd'),'Kielce', '0');
INSERT INTO Nauczyciel VALUES ('Njeden', 'Paweł','Paduch', DEFAULT, 'dr', DEFAULT); 
INSERT INTO Nauczyciel VALUES ('Ndwa', 'Adam','Krechowicz', DEFAULT, 'dr', DEFAULT); 
INSERT INTO sesja VALUES ('TOKEN213769',CURRENT_TIMESTAMP, 'Djeden', 3);
INSERT INTO sesja VALUES ('TOKEN21376958',TO_TIMESTAMP('2022-11-18 10:25:31', 'YYYY-MM-DD HH24:MI:SS'), 'Ujeden', 0);
INSERT INTO Przedmiot VALUES (DEFAULT, 'Edukacja Wczesnoszkolna', 1, 16, DEFAULT);
INSERT INTO Przedmiot VALUES (DEFAULT, 'Edukacja Wczesnoszkolna', 2, 16, DEFAULT);
INSERT INTO Przedmiot VALUES (DEFAULT, 'Edukacja Wczesnoszkolna', 3, 17, DEFAULT);
INSERT INTO Przedmiot VALUES (DEFAULT, 'Język polski', 4, 5, DEFAULT);
INSERT INTO Przedmiot VALUES (DEFAULT, 'Język polski', 5, 4, DEFAULT);
INSERT INTO Przedmiot VALUES (DEFAULT, 'Język polski', 6, 5, DEFAULT);
INSERT INTO Przedmiot VALUES (DEFAULT, 'Język polski', 7, 5, DEFAULT);
INSERT INTO Przedmiot VALUES (DEFAULT, 'Język polski', 8, 5, DEFAULT);
INSERT INTO Przedmiot VALUES (DEFAULT, 'Język angielski', 1, 1, DEFAULT);
INSERT INTO Przedmiot VALUES (DEFAULT, 'Język angielski', 2, 1, DEFAULT);
INSERT INTO Przedmiot VALUES (DEFAULT, 'Język angielski', 3, 1, DEFAULT);
INSERT INTO Przedmiot VALUES (DEFAULT, 'Język angielski', 4, 3, DEFAULT);
INSERT INTO Przedmiot VALUES (DEFAULT, 'Język angielski', 5, 3, DEFAULT);
INSERT INTO Przedmiot VALUES (DEFAULT, 'Język angielski', 6, 3, DEFAULT);
INSERT INTO Przedmiot VALUES (DEFAULT, 'Język angielski', 7, 3, DEFAULT);
INSERT INTO Przedmiot VALUES (DEFAULT, 'Język angielski', 8, 3, DEFAULT);
INSERT INTO Przedmiot VALUES (DEFAULT, 'Język niemiecki', 8, 2, DEFAULT);
INSERT INTO Przedmiot VALUES (DEFAULT, 'Matematyka', 4, 4, DEFAULT);
INSERT INTO Przedmiot VALUES (DEFAULT, 'Matematyka', 5, 4, DEFAULT);
INSERT INTO Przedmiot VALUES (DEFAULT, 'Matematyka', 6, 4, DEFAULT);
INSERT INTO Przedmiot VALUES (DEFAULT, 'Matematyka', 7, 4, DEFAULT);
INSERT INTO Przedmiot VALUES (DEFAULT, 'Matematyka', 8, 4, DEFAULT);
INSERT INTO Przedmiot VALUES (DEFAULT, 'Informatyka', 4, 1, DEFAULT);
INSERT INTO Przedmiot VALUES (DEFAULT, 'Informatyka', 5, 1, DEFAULT);
INSERT INTO Przedmiot VALUES (DEFAULT, 'Informatyka', 6, 1, DEFAULT);
INSERT INTO Przedmiot VALUES (DEFAULT, 'Informatyka', 7, 1, DEFAULT);
INSERT INTO Przedmiot VALUES (DEFAULT, 'Informatyka', 8, 1, DEFAULT);
INSERT INTO Przedmiot VALUES (DEFAULT, 'Technika', 4, 1, DEFAULT);
INSERT INTO Przedmiot VALUES (DEFAULT, 'Technika', 5, 1, DEFAULT);
INSERT INTO Przedmiot VALUES (DEFAULT, 'Technika', 6, 1, DEFAULT);
INSERT INTO Przedmiot VALUES (DEFAULT, 'Historia', 4, 1, DEFAULT);
INSERT INTO Przedmiot VALUES (DEFAULT, 'Historia', 5, 2, DEFAULT);
INSERT INTO Przedmiot VALUES (DEFAULT, 'Historia', 6, 2, DEFAULT);
INSERT INTO Przedmiot VALUES (DEFAULT, 'Historia', 7, 2, DEFAULT);
INSERT INTO Przedmiot VALUES (DEFAULT, 'Historia', 8, 2, DEFAULT);
INSERT INTO Przedmiot VALUES (DEFAULT, 'Przyroda', 4, 1, DEFAULT);
INSERT INTO Przedmiot VALUES (DEFAULT, 'Muzyka', 4, 1, DEFAULT);
INSERT INTO Przedmiot VALUES (DEFAULT, 'Muzyka', 5, 1, DEFAULT);
INSERT INTO Przedmiot VALUES (DEFAULT, 'Muzyka', 6, 1, DEFAULT);
INSERT INTO Przedmiot VALUES (DEFAULT, 'Muzyka', 7, 1, DEFAULT);
INSERT INTO Przedmiot VALUES (DEFAULT, 'Plastyka', 4, 1, DEFAULT);
INSERT INTO Przedmiot VALUES (DEFAULT, 'Plastyka', 5, 1, DEFAULT);
INSERT INTO Przedmiot VALUES (DEFAULT, 'Plastyka', 6, 1, DEFAULT);
INSERT INTO Przedmiot VALUES (DEFAULT, 'Plastyka', 7, 1, DEFAULT);
INSERT INTO Przedmiot VALUES (DEFAULT, 'Wychowanie fizyczne', 4, 4, DEFAULT);
INSERT INTO Przedmiot VALUES (DEFAULT, 'Wychowanie fizyczne', 5, 4, DEFAULT);
INSERT INTO Przedmiot VALUES (DEFAULT, 'Wychowanie fizyczne', 6, 4, DEFAULT);
INSERT INTO Przedmiot VALUES (DEFAULT, 'Wychowanie fizyczne', 7, 4, DEFAULT);
INSERT INTO Przedmiot VALUES (DEFAULT, 'Wychowanie fizyczne', 8, 4, DEFAULT);
INSERT INTO Przedmiot VALUES (DEFAULT, 'Geografia', 5, 1, DEFAULT);
INSERT INTO Przedmiot VALUES (DEFAULT, 'Biologia', 5, 1, DEFAULT);
INSERT INTO Przedmiot VALUES (DEFAULT, 'Geografia', 6, 1, DEFAULT);
INSERT INTO Przedmiot VALUES (DEFAULT, 'Biologia', 6, 1, DEFAULT);
INSERT INTO Przedmiot VALUES (DEFAULT, 'Geografia', 7, 2, DEFAULT);
INSERT INTO Przedmiot VALUES (DEFAULT, 'Geografia', 7, 1, DEFAULT);
INSERT INTO Przedmiot VALUES (DEFAULT, 'Biologia', 7, 2, DEFAULT);
INSERT INTO Przedmiot VALUES (DEFAULT, 'Biologia', 8, 1, DEFAULT);
INSERT INTO Przedmiot VALUES (DEFAULT, 'Chemia', 7, 2, DEFAULT);
INSERT INTO Przedmiot VALUES (DEFAULT, 'Chemia', 8, 2, DEFAULT);
INSERT INTO Przedmiot VALUES (DEFAULT, 'Fizyka', 7, 2, DEFAULT);
INSERT INTO Przedmiot VALUES (DEFAULT, 'Fizyka', 8, 2, DEFAULT);
INSERT INTO Przedmiot VALUES (DEFAULT, 'Edukacja dla bezpieczeństwa', 7, 1, DEFAULT);
INSERT INTO Przedmiot VALUES (DEFAULT, 'Edukacja dla bezpieczeństwa', 8, 1, DEFAULT);
INSERT INTO Przedmiot VALUES (DEFAULT, 'Wiedza o spoeczeństwie', 8, 1, DEFAULT);
INSERT INTO NauczycielPrzedmiot VALUES ('Njeden', 1);
INSERT INTO NauczycielPrzedmiot VALUES ('Njeden', 2);
INSERT INTO Uczen VALUES('62ba8db9-3576-4f29-8111-10d702c9c607', DEFAULT, 'Paula', 'Wasilewska', '93568788529', TO_DATE('2008-10-18', 'YYYY-MM-DD'), 'Katowice', DEFAULT);
INSERT INTO Konto VALUES('Paula.Wasilewska', '93568788529', 0, '62ba8db9-3576-4f29-8111-10d702c9c607');
INSERT INTO Uczen VALUES('7ae2828a-8bad-4438-8865-e294825f5a02', DEFAULT, 'Stefan', 'Paluch', '34907635276', TO_DATE('2015-06-23', 'YYYY-MM-DD'), 'Kielce', DEFAULT);
INSERT INTO Konto VALUES('Stefan.Paluch', '34907635276', 0, '7ae2828a-8bad-4438-8865-e294825f5a02');
INSERT INTO Uczen VALUES('d1319252-e920-4689-a75c-1176c0dd3827', DEFAULT, 'Gracjan', 'Górka', '76496539414', TO_DATE('2013-02-14', 'YYYY-MM-DD'), 'Kielce', DEFAULT);
INSERT INTO Konto VALUES('Gracjan.Górka', '76496539414', 0, 'd1319252-e920-4689-a75c-1176c0dd3827');
INSERT INTO Uczen VALUES('28454130-02ff-4fff-a961-e010f1c46984', DEFAULT, 'Nikodem', 'Piątek', '09491959163', TO_DATE('2012-03-26', 'YYYY-MM-DD'), 'Poznań', DEFAULT);
INSERT INTO Konto VALUES('Nikodem.Piątek', '09491959163', 0, '28454130-02ff-4fff-a961-e010f1c46984');
INSERT INTO Uczen VALUES('15998671-573b-48d5-971f-39e63b392901', DEFAULT, 'Joanna', 'Kaczor', '42018326128', TO_DATE('2010-11-06', 'YYYY-MM-DD'), 'Końskie', DEFAULT);
INSERT INTO Konto VALUES('Joanna.Kaczor', '42018326128', 0, '15998671-573b-48d5-971f-39e63b392901');
INSERT INTO Uczen VALUES('05a740bb-6ff3-4d90-a525-e1b095271812', DEFAULT, 'Kamil', 'Wójcik', '74092820250', TO_DATE('2008-09-08', 'YYYY-MM-DD'), 'Ostrowiec Świętokrzyski', DEFAULT);
INSERT INTO Konto VALUES('Kamil.Wójcik', '74092820250', 0, '05a740bb-6ff3-4d90-a525-e1b095271812');
INSERT INTO Uczen VALUES('d8648dc6-2a95-4081-ae6a-6d47acb95abf', DEFAULT, 'Helena', 'Czerwińska', '94636322095', TO_DATE('2013-11-23', 'YYYY-MM-DD'), 'Końskie', DEFAULT);
INSERT INTO Konto VALUES('Helena.Czerwińska', '94636322095', 0, 'd8648dc6-2a95-4081-ae6a-6d47acb95abf');
INSERT INTO Uczen VALUES('61bb3d56-07c1-4726-898b-b92c3d938a15', DEFAULT, 'Gracjan', 'Jakubowski', '55085728872', TO_DATE('2015-09-28', 'YYYY-MM-DD'), 'Kielce', DEFAULT);
INSERT INTO Konto VALUES('Gracjan.Jakubowski', '55085728872', 0, '61bb3d56-07c1-4726-898b-b92c3d938a15');
INSERT INTO Uczen VALUES('16daec66-ed91-4cf6-9136-45cfcfdbf1f6', DEFAULT, 'Fabian', 'Chrzanowski', '21678286093', TO_DATE('2013-01-19', 'YYYY-MM-DD'), 'Kielce', DEFAULT);
INSERT INTO Konto VALUES('Fabian.Chrzanowski', '21678286093', 0, '16daec66-ed91-4cf6-9136-45cfcfdbf1f6');
INSERT INTO Uczen VALUES('b97c30dd-cd17-433d-bc95-04df46ec445b', DEFAULT, 'Włodzimierz', 'Wesołowski', '51322743652', TO_DATE('2012-07-29', 'YYYY-MM-DD'), 'Kielce', DEFAULT);
INSERT INTO Konto VALUES('Włodzimierz.Wesołowski', '51322743652', 0, 'b97c30dd-cd17-433d-bc95-04df46ec445b');
INSERT INTO Uczen VALUES('8caaed70-e10d-467f-9973-7e80953c6c10', DEFAULT, 'Filip', 'Kalinowski', '70954640821', TO_DATE('2009-10-25', 'YYYY-MM-DD'), 'Kielce', DEFAULT);
INSERT INTO Konto VALUES('Filip.Kalinowski', '70954640821', 0, '8caaed70-e10d-467f-9973-7e80953c6c10');
INSERT INTO Uczen VALUES('2adbf75c-8286-4269-9bb9-f06ebe0200bc', DEFAULT, 'Włodzimierz', 'Witek', '61632049104', TO_DATE('2011-03-06', 'YYYY-MM-DD'), 'Kielce', DEFAULT);
INSERT INTO Konto VALUES('Włodzimierz.Witek', '61632049104', 0, '2adbf75c-8286-4269-9bb9-f06ebe0200bc');
INSERT INTO Uczen VALUES('e1183ad9-7d45-4bfb-98c1-5b68ae40076a', DEFAULT, 'Paula', 'Krajewska', '58300998989', TO_DATE('2012-05-10', 'YYYY-MM-DD'), 'Wrocław', DEFAULT);
INSERT INTO Konto VALUES('Paula.Krajewska', '58300998989', 0, 'e1183ad9-7d45-4bfb-98c1-5b68ae40076a');
INSERT INTO Uczen VALUES('9c98a474-05f6-42c4-a0a6-01ff482b877d', DEFAULT, 'Nikola', 'Pawlak', '96638563363', TO_DATE('2014-11-11', 'YYYY-MM-DD'), 'Opatów', DEFAULT);
INSERT INTO Konto VALUES('Nikola.Pawlak', '96638563363', 0, '9c98a474-05f6-42c4-a0a6-01ff482b877d');
INSERT INTO Uczen VALUES('39541d0d-db94-42dc-bb23-1255c8e02ed8', DEFAULT, 'Barbara', 'Tomaszewska', '96325876732', TO_DATE('2008-11-12', 'YYYY-MM-DD'), 'Kielce', DEFAULT);
INSERT INTO Konto VALUES('Barbara.Tomaszewska', '96325876732', 0, '39541d0d-db94-42dc-bb23-1255c8e02ed8');
INSERT INTO Uczen VALUES('e628703c-b498-4a99-a0e9-4ce7e36bc1ce', DEFAULT, 'Bronisław', 'Bielecki', '52896748748', TO_DATE('2008-06-14', 'YYYY-MM-DD'), 'Kielce', DEFAULT);
INSERT INTO Konto VALUES('Bronisław.Bielecki', '52896748748', 0, 'e628703c-b498-4a99-a0e9-4ce7e36bc1ce');
INSERT INTO Uczen VALUES('330a9a1c-d7c9-454d-9c72-c2875538ddfd', DEFAULT, 'Magda', 'Kowalik', '43678577412', TO_DATE('2015-08-21', 'YYYY-MM-DD'), 'Katowice', DEFAULT);
INSERT INTO Konto VALUES('Magda.Kowalik', '43678577412', 0, '330a9a1c-d7c9-454d-9c72-c2875538ddfd');
INSERT INTO Uczen VALUES('1730c113-b756-4dc9-8fd0-07be936f0fd3', DEFAULT, 'Nikola', 'Pietrzyk', '40688589955', TO_DATE('2013-11-26', 'YYYY-MM-DD'), 'Kielce', DEFAULT);
INSERT INTO Konto VALUES('Nikola.Pietrzyk', '40688589955', 0, '1730c113-b756-4dc9-8fd0-07be936f0fd3');
INSERT INTO Uczen VALUES('c2447844-670e-4dc2-9973-6f817426e957', DEFAULT, 'Pola', 'Marszałek', '91316942244', TO_DATE('2009-05-31', 'YYYY-MM-DD'), 'Kielce', DEFAULT);
INSERT INTO Konto VALUES('Pola.Marszałek', '91316942244', 0, 'c2447844-670e-4dc2-9973-6f817426e957');
INSERT INTO Uczen VALUES('181ab365-8c3f-4715-8f86-633c3bc04dab', DEFAULT, 'Emil', 'Wieczorek', '53246215472', TO_DATE('2008-01-28', 'YYYY-MM-DD'), 'Opatów', DEFAULT);
INSERT INTO Konto VALUES('Emil.Wieczorek', '53246215472', 0, '181ab365-8c3f-4715-8f86-633c3bc04dab');
INSERT INTO Uczen VALUES('74a4b164-5b19-4de3-9cfb-bd95949bf58e', DEFAULT, 'Maria', 'Urban', '87004214601', TO_DATE('2009-09-18', 'YYYY-MM-DD'), 'Kielce', DEFAULT);
INSERT INTO Konto VALUES('Maria.Urban', '87004214601', 0, '74a4b164-5b19-4de3-9cfb-bd95949bf58e');
INSERT INTO Uczen VALUES('48019ad7-8ebd-40c4-a652-7d80a70b6c01', DEFAULT, 'Ilona', 'Małecka', '38383234690', TO_DATE('2015-09-26', 'YYYY-MM-DD'), 'Końskie', DEFAULT);
INSERT INTO Konto VALUES('Ilona.Małecka', '38383234690', 0, '48019ad7-8ebd-40c4-a652-7d80a70b6c01');
INSERT INTO Uczen VALUES('abda247f-91ec-4b88-aed5-697e83608f59', DEFAULT, 'Olaf', 'Lech', '22993535274', TO_DATE('2015-04-22', 'YYYY-MM-DD'), 'Kielce', DEFAULT);
INSERT INTO Konto VALUES('Olaf.Lech', '22993535274', 0, 'abda247f-91ec-4b88-aed5-697e83608f59');
INSERT INTO Uczen VALUES('0beef87c-40bd-439b-bea8-afba8ace31f5', DEFAULT, 'Kornelia', 'Nowakowska', '67410350635', TO_DATE('2015-01-03', 'YYYY-MM-DD'), 'Kielce', DEFAULT);
INSERT INTO Konto VALUES('Kornelia.Nowakowska', '67410350635', 0, '0beef87c-40bd-439b-bea8-afba8ace31f5');
INSERT INTO Uczen VALUES('c72402a5-4c0e-46df-b9da-16120b8eb469', DEFAULT, 'Krzysztof', 'Karpiński', '93973719327', TO_DATE('2009-07-29', 'YYYY-MM-DD'), 'Poznań', DEFAULT);
INSERT INTO Konto VALUES('Krzysztof.Karpiński', '93973719327', 0, 'c72402a5-4c0e-46df-b9da-16120b8eb469');
INSERT INTO Uczen VALUES('aa6cc5fc-1f42-4fb6-a15f-30714b1589a6', DEFAULT, 'Beata', 'Mróz', '24364628294', TO_DATE('2008-02-27', 'YYYY-MM-DD'), 'Kielce', DEFAULT);
INSERT INTO Konto VALUES('Beata.Mróz', '24364628294', 0, 'aa6cc5fc-1f42-4fb6-a15f-30714b1589a6');
INSERT INTO Uczen VALUES('d5952b71-f076-493f-b41f-f75fe4cac734', DEFAULT, 'Lidia', 'Marek', '79962532224', TO_DATE('2009-08-01', 'YYYY-MM-DD'), 'Ostrowiec Świętokrzyski', DEFAULT);
INSERT INTO Konto VALUES('Lidia.Marek', '79962532224', 0, 'd5952b71-f076-493f-b41f-f75fe4cac734');
INSERT INTO Uczen VALUES('c99a993b-26ec-400c-8381-67f23f9f5e0d', DEFAULT, 'Nela', 'Piotrowska', '57364335032', TO_DATE('2010-06-26', 'YYYY-MM-DD'), 'Ostrowiec Świętokrzyski', DEFAULT);
INSERT INTO Konto VALUES('Nela.Piotrowska', '57364335032', 0, 'c99a993b-26ec-400c-8381-67f23f9f5e0d');
INSERT INTO Uczen VALUES('75a90d16-1027-41ed-be04-e153ab69b180', DEFAULT, 'Franciszek', 'Marek', '05146503579', TO_DATE('2008-05-25', 'YYYY-MM-DD'), 'Kielce', DEFAULT);
INSERT INTO Konto VALUES('Franciszek.Marek', '05146503579', 0, '75a90d16-1027-41ed-be04-e153ab69b180');
INSERT INTO Uczen VALUES('b5aff1c6-50cd-4126-bf98-6d4cc93ba9db', DEFAULT, 'Julian', 'Szydłowski', '28380352042', TO_DATE('2015-01-24', 'YYYY-MM-DD'), 'Katowice', DEFAULT);
INSERT INTO Konto VALUES('Julian.Szydłowski', '28380352042', 0, 'b5aff1c6-50cd-4126-bf98-6d4cc93ba9db');
INSERT INTO Uczen VALUES('4a30436a-9086-44d3-b102-a476328a3b63', DEFAULT, 'Gabriela', 'Smolińska', '13039798191', TO_DATE('2014-02-13', 'YYYY-MM-DD'), 'Kielce', DEFAULT);
INSERT INTO Konto VALUES('Gabriela.Smolińska', '13039798191', 0, '4a30436a-9086-44d3-b102-a476328a3b63');
INSERT INTO Uczen VALUES('ffcae2c4-e76c-4ee9-bd5b-0b60631c2043', DEFAULT, 'Marika', 'Krajewska', '43552942237', TO_DATE('2010-04-19', 'YYYY-MM-DD'), 'Kielce', DEFAULT);
INSERT INTO Konto VALUES('Marika.Krajewska', '43552942237', 0, 'ffcae2c4-e76c-4ee9-bd5b-0b60631c2043');
INSERT INTO Uczen VALUES('2df85a1c-48ab-41cd-a580-0e787bf37827', DEFAULT, 'Maksymilian', 'Ziółkowski', '34020509465', TO_DATE('2014-01-09', 'YYYY-MM-DD'), 'Opatów', DEFAULT);
INSERT INTO Konto VALUES('Maksymilian.Ziółkowski', '34020509465', 0, '2df85a1c-48ab-41cd-a580-0e787bf37827');
INSERT INTO Uczen VALUES('06c59f2d-e003-48bc-9c49-d55929522a86', DEFAULT, 'Przemysław', 'Kubiak', '25543723962', TO_DATE('2011-08-02', 'YYYY-MM-DD'), 'Poznań', DEFAULT);
INSERT INTO Konto VALUES('Przemysław.Kubiak', '25543723962', 0, '06c59f2d-e003-48bc-9c49-d55929522a86');
INSERT INTO Uczen VALUES('ea43d7dc-e243-4515-bd34-f16f82224f67', DEFAULT, 'Anastazja', 'Rogowska', '49981821399', TO_DATE('2013-08-04', 'YYYY-MM-DD'), 'Kielce', DEFAULT);
INSERT INTO Konto VALUES('Anastazja.Rogowska', '49981821399', 0, 'ea43d7dc-e243-4515-bd34-f16f82224f67');
INSERT INTO Uczen VALUES('d57c51d5-560d-495c-9d21-e16014e0de49', DEFAULT, 'Malwina', 'Kurowska', '18484249130', TO_DATE('2010-01-25', 'YYYY-MM-DD'), 'Ostrowiec Świętokrzyski', DEFAULT);
INSERT INTO Konto VALUES('Malwina.Kurowska', '18484249130', 0, 'd57c51d5-560d-495c-9d21-e16014e0de49');
INSERT INTO Uczen VALUES('a388aca3-7b45-4887-a001-7ed602725316', DEFAULT, 'Zygmunt', 'Lis', '28374813548', TO_DATE('2013-12-02', 'YYYY-MM-DD'), 'Wrocław', DEFAULT);
INSERT INTO Konto VALUES('Zygmunt.Lis', '28374813548', 0, 'a388aca3-7b45-4887-a001-7ed602725316');
INSERT INTO Uczen VALUES('e4ea0f1e-5f95-40e3-ac52-f12a14fa1564', DEFAULT, 'Adrianna', 'Pietrzyk', '73210183490', TO_DATE('2009-06-01', 'YYYY-MM-DD'), 'Kielce', DEFAULT);
INSERT INTO Konto VALUES('Adrianna.Pietrzyk', '73210183490', 0, 'e4ea0f1e-5f95-40e3-ac52-f12a14fa1564');
INSERT INTO Uczen VALUES('f7049ed6-0fbe-4258-b4e6-25331447c961', DEFAULT, 'Zbigniew', 'Marczak', '84951151991', TO_DATE('2016-09-13', 'YYYY-MM-DD'), 'Ostrowiec Świętokrzyski', DEFAULT);
INSERT INTO Konto VALUES('Zbigniew.Marczak', '84951151991', 0, 'f7049ed6-0fbe-4258-b4e6-25331447c961');
INSERT INTO Uczen VALUES('e7fe9e9e-ccaf-4e61-a488-1266ac423b06', DEFAULT, 'Sabina', 'Zalewska', '45976047109', TO_DATE('2012-09-22', 'YYYY-MM-DD'), 'Kielce', DEFAULT);
INSERT INTO Konto VALUES('Sabina.Zalewska', '45976047109', 0, 'e7fe9e9e-ccaf-4e61-a488-1266ac423b06');
INSERT INTO Uczen VALUES('50d608e8-a291-4c1d-ab2b-ed198c878fbd', DEFAULT, 'Dariusz', 'Mazurek', '11912941268', TO_DATE('2014-05-06', 'YYYY-MM-DD'), 'Kielce', DEFAULT);
INSERT INTO Konto VALUES('Dariusz.Mazurek', '11912941268', 0, '50d608e8-a291-4c1d-ab2b-ed198c878fbd');
INSERT INTO Uczen VALUES('b70a83af-6613-4486-a022-c1a3bf40c2fc', DEFAULT, 'Józef', 'Kujawa', '15233384437', TO_DATE('2013-10-01', 'YYYY-MM-DD'), 'Katowice', DEFAULT);
INSERT INTO Konto VALUES('Józef.Kujawa', '15233384437', 0, 'b70a83af-6613-4486-a022-c1a3bf40c2fc');
INSERT INTO Uczen VALUES('98446d76-46f0-4f95-a601-f2ef6800b3cc', DEFAULT, 'Wiktoria', 'Paluch', '05914220906', TO_DATE('2014-02-22', 'YYYY-MM-DD'), 'Kielce', DEFAULT);
INSERT INTO Konto VALUES('Wiktoria.Paluch', '05914220906', 0, '98446d76-46f0-4f95-a601-f2ef6800b3cc');
INSERT INTO Uczen VALUES('8030ff62-81a7-4068-9594-3b9ec7798692', DEFAULT, 'Iga', 'Lewandowska', '67816909906', TO_DATE('2011-11-08', 'YYYY-MM-DD'), 'Kielce', DEFAULT);
INSERT INTO Konto VALUES('Iga.Lewandowska', '67816909906', 0, '8030ff62-81a7-4068-9594-3b9ec7798692');
INSERT INTO Uczen VALUES('1aa38586-0089-45b2-a298-e9c440bf8e5c', DEFAULT, 'Borys', 'Czech', '05006148985', TO_DATE('2010-07-09', 'YYYY-MM-DD'), 'Kielce', DEFAULT);
INSERT INTO Konto VALUES('Borys.Czech', '05006148985', 0, '1aa38586-0089-45b2-a298-e9c440bf8e5c');
INSERT INTO Uczen VALUES('c4e7d01c-cec3-4500-a9a3-d12b6a07a0c3', DEFAULT, 'Bogusława', 'Rudnicka', '26527304133', TO_DATE('2010-01-08', 'YYYY-MM-DD'), 'Kielce', DEFAULT);
INSERT INTO Konto VALUES('Bogusława.Rudnicka', '26527304133', 0, 'c4e7d01c-cec3-4500-a9a3-d12b6a07a0c3');
INSERT INTO Uczen VALUES('c4844fbf-6ac3-4c6d-b8ba-39c0273edbee', DEFAULT, 'Seweryn', 'Góra', '59511124682', TO_DATE('2012-02-07', 'YYYY-MM-DD'), 'Kielce', DEFAULT);
INSERT INTO Konto VALUES('Seweryn.Góra', '59511124682', 0, 'c4844fbf-6ac3-4c6d-b8ba-39c0273edbee');
INSERT INTO Uczen VALUES('95e96295-2720-45db-a1a4-d47e867074b5', DEFAULT, 'Angelika', 'Baranowska', '86966297979', TO_DATE('2009-04-28', 'YYYY-MM-DD'), 'Łódź', DEFAULT);
INSERT INTO Konto VALUES('Angelika.Baranowska', '86966297979', 0, '95e96295-2720-45db-a1a4-d47e867074b5');
INSERT INTO Uczen VALUES('79a47cb1-385c-442a-9a26-f75d6d0f456e', DEFAULT, 'Marzena', 'Sowińska', '19364226216', TO_DATE('2010-01-11', 'YYYY-MM-DD'), 'Ostrowiec Świętokrzyski', DEFAULT);
INSERT INTO Konto VALUES('Marzena.Sowińska', '19364226216', 0, '79a47cb1-385c-442a-9a26-f75d6d0f456e');
INSERT INTO Uczen VALUES('859145f9-733b-4b84-8b6b-7a448f95e5a8', DEFAULT, 'Izabella', 'Białek', '65479346490', TO_DATE('2008-06-30', 'YYYY-MM-DD'), 'Opatów', DEFAULT);
INSERT INTO Konto VALUES('Izabella.Białek', '65479346490', 0, '859145f9-733b-4b84-8b6b-7a448f95e5a8');
INSERT INTO Uczen VALUES('47a953e3-0eca-4609-99cd-2b33b2242bb0', DEFAULT, 'Marianna', 'Świderska', '73771020660', TO_DATE('2012-09-08', 'YYYY-MM-DD'), 'Łódź', DEFAULT);
INSERT INTO Konto VALUES('Marianna.Świderska', '73771020660', 0, '47a953e3-0eca-4609-99cd-2b33b2242bb0');
INSERT INTO Uczen VALUES('350cb3d7-8ab3-45f8-85e5-42204e492ed1', DEFAULT, 'Hubert', 'Szczepański', '92467916002', TO_DATE('2008-01-11', 'YYYY-MM-DD'), 'Kielce', DEFAULT);
INSERT INTO Konto VALUES('Hubert.Szczepański', '92467916002', 0, '350cb3d7-8ab3-45f8-85e5-42204e492ed1');
INSERT INTO Uczen VALUES('eb107366-a90e-4934-9c03-31680234d085', DEFAULT, 'Oliwia', 'Karczewska', '58135471158', TO_DATE('2009-06-03', 'YYYY-MM-DD'), 'Kielce', DEFAULT);
INSERT INTO Konto VALUES('Oliwia.Karczewska', '58135471158', 0, 'eb107366-a90e-4934-9c03-31680234d085');
INSERT INTO Uczen VALUES('966a61e9-3718-48f0-9e74-828c3466b381', DEFAULT, 'Tobiasz', 'Sobczak', '54907079343', TO_DATE('2008-09-28', 'YYYY-MM-DD'), 'Końskie', DEFAULT);
INSERT INTO Konto VALUES('Tobiasz.Sobczak', '54907079343', 0, '966a61e9-3718-48f0-9e74-828c3466b381');
INSERT INTO Uczen VALUES('1478064d-acd0-4637-86ba-f9b696c08edf', DEFAULT, 'Grażyna', 'Brzozowska', '05514123264', TO_DATE('2011-05-17', 'YYYY-MM-DD'), 'Kielce', DEFAULT);
INSERT INTO Konto VALUES('Grażyna.Brzozowska', '05514123264', 0, '1478064d-acd0-4637-86ba-f9b696c08edf');
INSERT INTO Uczen VALUES('50d0dade-db75-4668-b28e-6e3b09886f9a', DEFAULT, 'Fabian', 'Ziółkowski', '10211796832', TO_DATE('2010-12-19', 'YYYY-MM-DD'), 'Kielce', DEFAULT);
INSERT INTO Konto VALUES('Fabian.Ziółkowski', '10211796832', 0, '50d0dade-db75-4668-b28e-6e3b09886f9a');
INSERT INTO Uczen VALUES('fbba0935-c18c-4889-9f5b-61f0a3e30c45', DEFAULT, 'Marlena', 'Woźniak', '81192190616', TO_DATE('2013-08-13', 'YYYY-MM-DD'), 'Kielce', DEFAULT);
INSERT INTO Konto VALUES('Marlena.Woźniak', '81192190616', 0, 'fbba0935-c18c-4889-9f5b-61f0a3e30c45');
INSERT INTO Uczen VALUES('1bcdd087-0c8c-4283-888d-59bff49fa0d8', DEFAULT, 'Adriana', 'Urban', '53517641161', TO_DATE('2015-01-01', 'YYYY-MM-DD'), 'Kielce', DEFAULT);
INSERT INTO Konto VALUES('Adriana.Urban', '53517641161', 0, '1bcdd087-0c8c-4283-888d-59bff49fa0d8');
INSERT INTO Uczen VALUES('de183fe4-6481-4af6-b75e-46fb2848fd8e', DEFAULT, 'Ksawery', 'Wesołowski', '91437317617', TO_DATE('2011-09-12', 'YYYY-MM-DD'), 'Kielce', DEFAULT);
INSERT INTO Konto VALUES('Ksawery.Wesołowski', '91437317617', 0, 'de183fe4-6481-4af6-b75e-46fb2848fd8e');
INSERT INTO Uczen VALUES('c109dbe0-774e-4e36-be16-3ed0496e8e27', DEFAULT, 'Aniela', 'Domańska', '38064407380', TO_DATE('2014-02-20', 'YYYY-MM-DD'), 'Łódź', DEFAULT);
INSERT INTO Konto VALUES('Aniela.Domańska', '38064407380', 0, 'c109dbe0-774e-4e36-be16-3ed0496e8e27');
INSERT INTO Uczen VALUES('2c140961-1e2e-451a-8cbf-94ef70fc36b1', DEFAULT, 'Marika', 'Cieślik', '72350742506', TO_DATE('2008-02-01', 'YYYY-MM-DD'), 'Katowice', DEFAULT);
INSERT INTO Konto VALUES('Marika.Cieślik', '72350742506', 0, '2c140961-1e2e-451a-8cbf-94ef70fc36b1');
INSERT INTO Uczen VALUES('cd93529d-8de7-425b-816b-0464e2046cb2', DEFAULT, 'Olaf', 'Tomczak', '28550334286', TO_DATE('2008-08-01', 'YYYY-MM-DD'), 'Łódź', DEFAULT);
INSERT INTO Konto VALUES('Olaf.Tomczak', '28550334286', 0, 'cd93529d-8de7-425b-816b-0464e2046cb2');
INSERT INTO Uczen VALUES('84f88cf1-1b45-401e-80d6-e099f93b0ff8', DEFAULT, 'Marian', 'Lewandowski', '19413387306', TO_DATE('2013-10-28', 'YYYY-MM-DD'), 'Kielce', DEFAULT);
INSERT INTO Konto VALUES('Marian.Lewandowski', '19413387306', 0, '84f88cf1-1b45-401e-80d6-e099f93b0ff8');
INSERT INTO Uczen VALUES('c1f1c8c9-83e2-4fd0-b7a1-bfea49d31263', DEFAULT, 'Nikodem', 'Pietrzak', '90822249333', TO_DATE('2013-09-11', 'YYYY-MM-DD'), 'Wrocław', DEFAULT);
INSERT INTO Konto VALUES('Nikodem.Pietrzak', '90822249333', 0, 'c1f1c8c9-83e2-4fd0-b7a1-bfea49d31263');
INSERT INTO Uczen VALUES('aba1973b-8ae6-4df9-b04c-6a8d8fe228f6', DEFAULT, 'Krystian', 'Kowalski', '75748021942', TO_DATE('2009-05-20', 'YYYY-MM-DD'), 'Kielce', DEFAULT);
INSERT INTO Konto VALUES('Krystian.Kowalski', '75748021942', 0, 'aba1973b-8ae6-4df9-b04c-6a8d8fe228f6');
INSERT INTO Uczen VALUES('fd07527d-09ab-4173-aa46-9f7dee089f2f', DEFAULT, 'Wiesława', 'Stefaniak', '36770988712', TO_DATE('2015-01-05', 'YYYY-MM-DD'), 'Kielce', DEFAULT);
INSERT INTO Konto VALUES('Wiesława.Stefaniak', '36770988712', 0, 'fd07527d-09ab-4173-aa46-9f7dee089f2f');
INSERT INTO Uczen VALUES('31411b67-77a5-47d4-b4cc-4f15d5a88004', DEFAULT, 'Antoni', 'Żak', '32360367093', TO_DATE('2010-01-18', 'YYYY-MM-DD'), 'Kielce', DEFAULT);
INSERT INTO Konto VALUES('Antoni.Żak', '32360367093', 0, '31411b67-77a5-47d4-b4cc-4f15d5a88004');
INSERT INTO Uczen VALUES('618f5e1f-d2e2-421b-b5e1-f43cf3367ccb', DEFAULT, 'Janusz', 'Bednarczyk', '04049947695', TO_DATE('2010-01-30', 'YYYY-MM-DD'), 'Kielce', DEFAULT);
INSERT INTO Konto VALUES('Janusz.Bednarczyk', '04049947695', 0, '618f5e1f-d2e2-421b-b5e1-f43cf3367ccb');
INSERT INTO Uczen VALUES('f6e7c21e-d922-4cfd-9225-32ac5d76bb70', DEFAULT, 'Sandra', 'Zając', '66507799816', TO_DATE('2015-08-15', 'YYYY-MM-DD'), 'Kielce', DEFAULT);
INSERT INTO Konto VALUES('Sandra.Zając', '66507799816', 0, 'f6e7c21e-d922-4cfd-9225-32ac5d76bb70');
INSERT INTO Uczen VALUES('24d0e938-dd62-45b8-83e0-b410488f45d9', DEFAULT, 'Jan', 'Żak', '83605606010', TO_DATE('2012-12-19', 'YYYY-MM-DD'), 'Kielce', DEFAULT);
INSERT INTO Konto VALUES('Jan.Żak', '83605606010', 0, '24d0e938-dd62-45b8-83e0-b410488f45d9');
INSERT INTO Uczen VALUES('d07a0609-c74c-460d-946e-85ba08b4bdc1', DEFAULT, 'Ihor', 'Wilczyński', '26216830091', TO_DATE('2008-06-05', 'YYYY-MM-DD'), 'Końskie', DEFAULT);
INSERT INTO Konto VALUES('Ihor.Wilczyński', '26216830091', 0, 'd07a0609-c74c-460d-946e-85ba08b4bdc1');
INSERT INTO Uczen VALUES('bd90ee96-0f61-40d9-bca4-56333c5a52dc', DEFAULT, 'Wiktoria', 'Rosińska', '24420452509', TO_DATE('2009-11-11', 'YYYY-MM-DD'), 'Kielce', DEFAULT);
INSERT INTO Konto VALUES('Wiktoria.Rosińska', '24420452509', 0, 'bd90ee96-0f61-40d9-bca4-56333c5a52dc');
INSERT INTO Uczen VALUES('dda8fc08-71f6-4936-8278-e2c867ee39c8', DEFAULT, 'Damian', 'Mazurkiewicz', '56343916246', TO_DATE('2012-09-09', 'YYYY-MM-DD'), 'Kielce', DEFAULT);
INSERT INTO Konto VALUES('Damian.Mazurkiewicz', '56343916246', 0, 'dda8fc08-71f6-4936-8278-e2c867ee39c8');
INSERT INTO Uczen VALUES('314d316c-5889-4125-b68e-006f3e7b06f4', DEFAULT, 'Włodzimierz', 'Piasecki', '25406978608', TO_DATE('2010-05-09', 'YYYY-MM-DD'), 'Kielce', DEFAULT);
INSERT INTO Konto VALUES('Włodzimierz.Piasecki', '25406978608', 0, '314d316c-5889-4125-b68e-006f3e7b06f4');
INSERT INTO Uczen VALUES('edcb6914-3892-4896-a64e-6926fa510f4e', DEFAULT, 'Mieczysława', 'Szulc', '62272953414', TO_DATE('2008-04-05', 'YYYY-MM-DD'), 'Katowice', DEFAULT);
INSERT INTO Konto VALUES('Mieczysława.Szulc', '62272953414', 0, 'edcb6914-3892-4896-a64e-6926fa510f4e');
INSERT INTO Uczen VALUES('892a8ef9-2e09-4f3f-b25c-73a3a9812530', DEFAULT, 'Władysława', 'Bednarek', '50065728998', TO_DATE('2013-10-31', 'YYYY-MM-DD'), 'Wrocław', DEFAULT);
INSERT INTO Konto VALUES('Władysława.Bednarek', '50065728998', 0, '892a8ef9-2e09-4f3f-b25c-73a3a9812530');
INSERT INTO Uczen VALUES('ae699429-469a-42d1-8cd8-97408042a581', DEFAULT, 'Hanna', 'Sobczak', '92999148286', TO_DATE('2009-01-01', 'YYYY-MM-DD'), 'Katowice', DEFAULT);
INSERT INTO Konto VALUES('Hanna.Sobczak', '92999148286', 0, 'ae699429-469a-42d1-8cd8-97408042a581');
INSERT INTO Uczen VALUES('ab5d9cd5-da2e-4758-ac80-8a5913fae95c', DEFAULT, 'Andrzej', 'Bąk', '92202447043', TO_DATE('2013-09-01', 'YYYY-MM-DD'), 'Kielce', DEFAULT);
INSERT INTO Konto VALUES('Andrzej.Bąk', '92202447043', 0, 'ab5d9cd5-da2e-4758-ac80-8a5913fae95c');
INSERT INTO Uczen VALUES('e47a2232-42f0-4c5b-88c1-773c2d0fd1c3', DEFAULT, 'Adrian', 'Nowak', '89601945545', TO_DATE('2015-05-16', 'YYYY-MM-DD'), 'Kielce', DEFAULT);
INSERT INTO Konto VALUES('Adrian.Nowak', '89601945545', 0, 'e47a2232-42f0-4c5b-88c1-773c2d0fd1c3');
INSERT INTO Uczen VALUES('e654fb4c-654a-44bb-b079-9e5f5be73b7a', DEFAULT, 'Marzena', 'Dąbrowska', '56360018311', TO_DATE('2015-08-26', 'YYYY-MM-DD'), 'Łódź', DEFAULT);
INSERT INTO Konto VALUES('Marzena.Dąbrowska', '56360018311', 0, 'e654fb4c-654a-44bb-b079-9e5f5be73b7a');
INSERT INTO Uczen VALUES('c5986172-e6ca-45ad-99d8-0b44730cb29b', DEFAULT, 'Lucyna', 'Pająk', '86479377959', TO_DATE('2009-09-28', 'YYYY-MM-DD'), 'Kielce', DEFAULT);
INSERT INTO Konto VALUES('Lucyna.Pająk', '86479377959', 0, 'c5986172-e6ca-45ad-99d8-0b44730cb29b');
INSERT INTO Uczen VALUES('2e91c978-73ba-4f51-a552-5187d3d4c89b', DEFAULT, 'Romuald', 'Turek', '31741468660', TO_DATE('2014-03-31', 'YYYY-MM-DD'), 'Wrocław', DEFAULT);
INSERT INTO Konto VALUES('Romuald.Turek', '31741468660', 0, '2e91c978-73ba-4f51-a552-5187d3d4c89b');
INSERT INTO Uczen VALUES('1c1205df-c6af-4e10-8ef6-ab0a58444969', DEFAULT, 'Kazimierz', 'Górny', '43554851734', TO_DATE('2013-10-31', 'YYYY-MM-DD'), 'Kielce', DEFAULT);
INSERT INTO Konto VALUES('Kazimierz.Górny', '43554851734', 0, '1c1205df-c6af-4e10-8ef6-ab0a58444969');
INSERT INTO Uczen VALUES('56e07be8-8c4d-46be-a8c7-d9d77e81e1b1', DEFAULT, 'Lucjan', 'Czaja', '99827306224', TO_DATE('2010-10-27', 'YYYY-MM-DD'), 'Kielce', DEFAULT);
INSERT INTO Konto VALUES('Lucjan.Czaja', '99827306224', 0, '56e07be8-8c4d-46be-a8c7-d9d77e81e1b1');
INSERT INTO Uczen VALUES('b4d531eb-68f7-4311-a19b-8168606f797b', DEFAULT, 'Wiktor', 'Pietrzyk', '58227606841', TO_DATE('2010-03-26', 'YYYY-MM-DD'), 'Ostrowiec Świętokrzyski', DEFAULT);
INSERT INTO Konto VALUES('Wiktor.Pietrzyk', '58227606841', 0, 'b4d531eb-68f7-4311-a19b-8168606f797b');
INSERT INTO Uczen VALUES('cf936a6b-8499-4a40-8205-67545d28f35f', DEFAULT, 'Marzanna', 'Witkowska', '77765863417', TO_DATE('2014-12-23', 'YYYY-MM-DD'), 'Końskie', DEFAULT);
INSERT INTO Konto VALUES('Marzanna.Witkowska', '77765863417', 0, 'cf936a6b-8499-4a40-8205-67545d28f35f');
INSERT INTO Uczen VALUES('811a0f6b-896e-4a16-98e3-84d6d482e377', DEFAULT, 'Klaudia', 'Musiał', '43927530864', TO_DATE('2013-09-11', 'YYYY-MM-DD'), 'Kielce', DEFAULT);
INSERT INTO Konto VALUES('Klaudia.Musiał', '43927530864', 0, '811a0f6b-896e-4a16-98e3-84d6d482e377');
INSERT INTO Uczen VALUES('d9a4e492-c8bd-4619-a0fe-65689b8a5973', DEFAULT, 'Zenon', 'Kacprzak', '84559436086', TO_DATE('2015-12-19', 'YYYY-MM-DD'), 'Ostrowiec Świętokrzyski', DEFAULT);
INSERT INTO Konto VALUES('Zenon.Kacprzak', '84559436086', 0, 'd9a4e492-c8bd-4619-a0fe-65689b8a5973');
INSERT INTO Uczen VALUES('7cdee8d1-0f12-487e-a687-a6c0e4b1954d', DEFAULT, 'Marcin', 'Żukowski', '37682007769', TO_DATE('2015-07-08', 'YYYY-MM-DD'), 'Kielce', DEFAULT);
INSERT INTO Konto VALUES('Marcin.Żukowski', '37682007769', 0, '7cdee8d1-0f12-487e-a687-a6c0e4b1954d');
INSERT INTO Uczen VALUES('a508170b-821d-41f1-975a-4e234f7455eb', DEFAULT, 'Fabian', 'Mucha', '01506783156', TO_DATE('2015-10-29', 'YYYY-MM-DD'), 'Końskie', DEFAULT);
INSERT INTO Konto VALUES('Fabian.Mucha', '01506783156', 0, 'a508170b-821d-41f1-975a-4e234f7455eb');
INSERT INTO Uczen VALUES('ff9ddfd0-9281-4f37-a1c2-812ad0dae64e', DEFAULT, 'Sebastian', 'Kuś', '17173030298', TO_DATE('2010-06-17', 'YYYY-MM-DD'), 'Kielce', DEFAULT);
INSERT INTO Konto VALUES('Sebastian.Kuś', '17173030298', 0, 'ff9ddfd0-9281-4f37-a1c2-812ad0dae64e');
INSERT INTO Uczen VALUES('f5c08d81-2270-4f94-96e5-2363e9e6932c', DEFAULT, 'Henryk', 'Malinowski', '94355319538', TO_DATE('2010-12-30', 'YYYY-MM-DD'), 'Łódź', DEFAULT);
INSERT INTO Konto VALUES('Henryk.Malinowski', '94355319538', 0, 'f5c08d81-2270-4f94-96e5-2363e9e6932c');
INSERT INTO Uczen VALUES('98c2c16d-3d5d-4fa8-9661-428485189525', DEFAULT, 'Joachim', 'Kujawa', '91487204012', TO_DATE('2014-01-08', 'YYYY-MM-DD'), 'Kielce', DEFAULT);
INSERT INTO Konto VALUES('Joachim.Kujawa', '91487204012', 0, '98c2c16d-3d5d-4fa8-9661-428485189525');
INSERT INTO Uczen VALUES('c260b988-0d66-464f-9e34-8ece1439dc14', DEFAULT, 'Żaneta', 'Marcinkowska', '67265140782', TO_DATE('2013-02-26', 'YYYY-MM-DD'), 'Kielce', DEFAULT);
INSERT INTO Konto VALUES('Żaneta.Marcinkowska', '67265140782', 0, 'c260b988-0d66-464f-9e34-8ece1439dc14');
INSERT INTO Uczen VALUES('f9196336-faa0-4c6b-9e6b-c882ebe2e7d8', DEFAULT, 'Witold', 'Owczarek', '27004745027', TO_DATE('2012-03-05', 'YYYY-MM-DD'), 'Kielce', DEFAULT);
INSERT INTO Konto VALUES('Witold.Owczarek', '27004745027', 0, 'f9196336-faa0-4c6b-9e6b-c882ebe2e7d8');
INSERT INTO Uczen VALUES('1dab472c-a82a-4fb3-9029-391092740ca8', DEFAULT, 'Joachim', 'Sowa', '01959747058', TO_DATE('2016-10-08', 'YYYY-MM-DD'), 'Kielce', DEFAULT);
INSERT INTO Konto VALUES('Joachim.Sowa', '01959747058', 0, '1dab472c-a82a-4fb3-9029-391092740ca8');
INSERT INTO Uczen VALUES('adf224a6-0144-4e24-b840-f402942bbd66', DEFAULT, 'Honorata', 'Maj', '04326845151', TO_DATE('2014-09-20', 'YYYY-MM-DD'), 'Poznań', DEFAULT);
INSERT INTO Konto VALUES('Honorata.Maj', '04326845151', 0, 'adf224a6-0144-4e24-b840-f402942bbd66');
INSERT INTO Uczen VALUES('e2938e11-bcca-4727-b61e-9b426777c301', DEFAULT, 'Władysław', 'Kaczmarek', '31335818825', TO_DATE('2016-09-05', 'YYYY-MM-DD'), 'Opatów', DEFAULT);
INSERT INTO Konto VALUES('Władysław.Kaczmarek', '31335818825', 0, 'e2938e11-bcca-4727-b61e-9b426777c301');
INSERT INTO Uczen VALUES('641be24e-d1bc-42a5-b7a3-5625a220936f', DEFAULT, 'Edward', 'Nowak', '64432359462', TO_DATE('2008-08-11', 'YYYY-MM-DD'), 'Kielce', DEFAULT);
INSERT INTO Konto VALUES('Edward.Nowak', '64432359462', 0, '641be24e-d1bc-42a5-b7a3-5625a220936f');
INSERT INTO Uczen VALUES('d9844c71-df63-4e79-9f70-55620d5c5b5d', DEFAULT, 'Justyna', 'Pawlik', '33206572044', TO_DATE('2014-09-17', 'YYYY-MM-DD'), 'Kielce', DEFAULT);
INSERT INTO Konto VALUES('Justyna.Pawlik', '33206572044', 0, 'd9844c71-df63-4e79-9f70-55620d5c5b5d');
INSERT INTO Nauczyciel VALUES('21a16d6a-c951-41ed-a351-2dfe764ec5b7', 'Ludwik', 'Michalak', TO_DATE('2005-12-19', 'YYYY-MM-DD'), 'mgr', DEFAULT);
INSERT INTO Konto VALUES('Ludwik.Michalak', 'nLudwikMichalak', 0, '21a16d6a-c951-41ed-a351-2dfe764ec5b7');
INSERT INTO NauczycielPrzedmiot VALUES ('21a16d6a-c951-41ed-a351-2dfe764ec5b7', 1);
INSERT INTO NauczycielPrzedmiot VALUES ('21a16d6a-c951-41ed-a351-2dfe764ec5b7', 2);
INSERT INTO NauczycielPrzedmiot VALUES ('21a16d6a-c951-41ed-a351-2dfe764ec5b7', 3);
INSERT INTO NauczycielPrzedmiot VALUES ('21a16d6a-c951-41ed-a351-2dfe764ec5b7', 4);
INSERT INTO NauczycielPrzedmiot VALUES ('21a16d6a-c951-41ed-a351-2dfe764ec5b7', 5);
INSERT INTO NauczycielPrzedmiot VALUES ('21a16d6a-c951-41ed-a351-2dfe764ec5b7', 6);
INSERT INTO Nauczyciel VALUES('d830b97a-bf5f-4d6b-9c97-5632fc327894', 'Anita', 'Świątek', TO_DATE('2021-07-07', 'YYYY-MM-DD'), 'mgr', DEFAULT);
INSERT INTO Konto VALUES('Anita.Świątek', 'nAnitaŚwiątek', 0, 'd830b97a-bf5f-4d6b-9c97-5632fc327894');
INSERT INTO NauczycielPrzedmiot VALUES ('d830b97a-bf5f-4d6b-9c97-5632fc327894', 7);
INSERT INTO NauczycielPrzedmiot VALUES ('d830b97a-bf5f-4d6b-9c97-5632fc327894', 8);
INSERT INTO NauczycielPrzedmiot VALUES ('d830b97a-bf5f-4d6b-9c97-5632fc327894', 9);
INSERT INTO NauczycielPrzedmiot VALUES ('d830b97a-bf5f-4d6b-9c97-5632fc327894', 10);
INSERT INTO NauczycielPrzedmiot VALUES ('d830b97a-bf5f-4d6b-9c97-5632fc327894', 11);
INSERT INTO Nauczyciel VALUES('ffa8cb17-bd77-4e0b-a380-c855958876ee', 'Robert', 'Krawiec', TO_DATE('2022-03-01', 'YYYY-MM-DD'), 'mgr', DEFAULT);
INSERT INTO Konto VALUES('Robert.Krawiec', 'nRobertKrawiec', 0, 'ffa8cb17-bd77-4e0b-a380-c855958876ee');
INSERT INTO NauczycielPrzedmiot VALUES ('ffa8cb17-bd77-4e0b-a380-c855958876ee', 12);
INSERT INTO NauczycielPrzedmiot VALUES ('ffa8cb17-bd77-4e0b-a380-c855958876ee', 13);
INSERT INTO NauczycielPrzedmiot VALUES ('ffa8cb17-bd77-4e0b-a380-c855958876ee', 14);
INSERT INTO NauczycielPrzedmiot VALUES ('ffa8cb17-bd77-4e0b-a380-c855958876ee', 15);
INSERT INTO Nauczyciel VALUES('f4c671bc-f020-4ed2-9da5-290824c55f6c', 'Krzysztof', 'Janicki', TO_DATE('2007-07-28', 'YYYY-MM-DD'), 'inż.', DEFAULT);
INSERT INTO Konto VALUES('Krzysztof.Janicki', 'nKrzysztofJanicki', 0, 'f4c671bc-f020-4ed2-9da5-290824c55f6c');
INSERT INTO NauczycielPrzedmiot VALUES ('f4c671bc-f020-4ed2-9da5-290824c55f6c', 16);
INSERT INTO NauczycielPrzedmiot VALUES ('f4c671bc-f020-4ed2-9da5-290824c55f6c', 17);
INSERT INTO NauczycielPrzedmiot VALUES ('f4c671bc-f020-4ed2-9da5-290824c55f6c', 18);
INSERT INTO NauczycielPrzedmiot VALUES ('f4c671bc-f020-4ed2-9da5-290824c55f6c', 19);
INSERT INTO NauczycielPrzedmiot VALUES ('f4c671bc-f020-4ed2-9da5-290824c55f6c', 20);
INSERT INTO Nauczyciel VALUES('2e8d2c4e-dad6-4df0-aecd-f3fe5fbc0cb4', 'Józef', 'Cieślak', TO_DATE('2021-08-29', 'YYYY-MM-DD'), 'inż.', DEFAULT);
INSERT INTO Konto VALUES('Józef.Cieślak', 'nJózefCieślak', 0, '2e8d2c4e-dad6-4df0-aecd-f3fe5fbc0cb4');
INSERT INTO NauczycielPrzedmiot VALUES ('2e8d2c4e-dad6-4df0-aecd-f3fe5fbc0cb4', 21);
INSERT INTO NauczycielPrzedmiot VALUES ('2e8d2c4e-dad6-4df0-aecd-f3fe5fbc0cb4', 22);
INSERT INTO NauczycielPrzedmiot VALUES ('2e8d2c4e-dad6-4df0-aecd-f3fe5fbc0cb4', 23);
INSERT INTO NauczycielPrzedmiot VALUES ('2e8d2c4e-dad6-4df0-aecd-f3fe5fbc0cb4', 24);
INSERT INTO Nauczyciel VALUES('ade629d8-8319-41cb-b8fd-22df11c528d0', 'Ryszard', 'Marzec', TO_DATE('2022-03-10', 'YYYY-MM-DD'), 'mgr', DEFAULT);
INSERT INTO Konto VALUES('Ryszard.Marzec', 'nRyszardMarzec', 0, 'ade629d8-8319-41cb-b8fd-22df11c528d0');
INSERT INTO NauczycielPrzedmiot VALUES ('ade629d8-8319-41cb-b8fd-22df11c528d0', 25);
INSERT INTO NauczycielPrzedmiot VALUES ('ade629d8-8319-41cb-b8fd-22df11c528d0', 26);
INSERT INTO NauczycielPrzedmiot VALUES ('ade629d8-8319-41cb-b8fd-22df11c528d0', 27);
INSERT INTO Nauczyciel VALUES('4a60ac83-c7d9-41a1-9a7d-69bae554f1c7', 'Daria', 'Sadowska', TO_DATE('2007-10-24', 'YYYY-MM-DD'), 'inż.', DEFAULT);
INSERT INTO Konto VALUES('Daria.Sadowska', 'nDariaSadowska', 0, '4a60ac83-c7d9-41a1-9a7d-69bae554f1c7');
INSERT INTO NauczycielPrzedmiot VALUES ('4a60ac83-c7d9-41a1-9a7d-69bae554f1c7', 28);
INSERT INTO NauczycielPrzedmiot VALUES ('4a60ac83-c7d9-41a1-9a7d-69bae554f1c7', 29);
INSERT INTO NauczycielPrzedmiot VALUES ('4a60ac83-c7d9-41a1-9a7d-69bae554f1c7', 30);
INSERT INTO NauczycielPrzedmiot VALUES ('4a60ac83-c7d9-41a1-9a7d-69bae554f1c7', 31);
INSERT INTO NauczycielPrzedmiot VALUES ('4a60ac83-c7d9-41a1-9a7d-69bae554f1c7', 32);
INSERT INTO NauczycielPrzedmiot VALUES ('4a60ac83-c7d9-41a1-9a7d-69bae554f1c7', 33);
INSERT INTO Nauczyciel VALUES('30381e9b-0092-45b8-9263-1d1815211fbb', 'Blanka', 'Borkowska', TO_DATE('2017-10-12', 'YYYY-MM-DD'), 'inż.', DEFAULT);
INSERT INTO Konto VALUES('Blanka.Borkowska', 'nBlankaBorkowska', 0, '30381e9b-0092-45b8-9263-1d1815211fbb');
INSERT INTO NauczycielPrzedmiot VALUES ('30381e9b-0092-45b8-9263-1d1815211fbb', 34);
INSERT INTO NauczycielPrzedmiot VALUES ('30381e9b-0092-45b8-9263-1d1815211fbb', 35);
INSERT INTO NauczycielPrzedmiot VALUES ('30381e9b-0092-45b8-9263-1d1815211fbb', 36);
INSERT INTO NauczycielPrzedmiot VALUES ('30381e9b-0092-45b8-9263-1d1815211fbb', 37);
INSERT INTO NauczycielPrzedmiot VALUES ('30381e9b-0092-45b8-9263-1d1815211fbb', 38);
INSERT INTO Nauczyciel VALUES('807d4912-46c2-439d-896a-14544b06e98a', 'Eryk', 'Osiński', TO_DATE('2021-07-26', 'YYYY-MM-DD'), 'inż.', DEFAULT);
INSERT INTO Konto VALUES('Eryk.Osiński', 'nErykOsiński', 0, '807d4912-46c2-439d-896a-14544b06e98a');
INSERT INTO NauczycielPrzedmiot VALUES ('807d4912-46c2-439d-896a-14544b06e98a', 39);
INSERT INTO NauczycielPrzedmiot VALUES ('807d4912-46c2-439d-896a-14544b06e98a', 40);
INSERT INTO NauczycielPrzedmiot VALUES ('807d4912-46c2-439d-896a-14544b06e98a', 41);
INSERT INTO NauczycielPrzedmiot VALUES ('807d4912-46c2-439d-896a-14544b06e98a', 42);
INSERT INTO NauczycielPrzedmiot VALUES ('807d4912-46c2-439d-896a-14544b06e98a', 43);
INSERT INTO NauczycielPrzedmiot VALUES ('807d4912-46c2-439d-896a-14544b06e98a', 44);
INSERT INTO NauczycielPrzedmiot VALUES ('807d4912-46c2-439d-896a-14544b06e98a', 45);
INSERT INTO NauczycielPrzedmiot VALUES ('807d4912-46c2-439d-896a-14544b06e98a', 46);
INSERT INTO Nauczyciel VALUES('b5d3781d-c183-482e-a2fa-255d7c5391c3', 'Lidia', 'Kwiecień', TO_DATE('2013-06-02', 'YYYY-MM-DD'), 'mgr', DEFAULT);
INSERT INTO Konto VALUES('Lidia.Kwiecień', 'nLidiaKwiecień', 0, 'b5d3781d-c183-482e-a2fa-255d7c5391c3');
INSERT INTO NauczycielPrzedmiot VALUES ('b5d3781d-c183-482e-a2fa-255d7c5391c3', 47);
INSERT INTO NauczycielPrzedmiot VALUES ('b5d3781d-c183-482e-a2fa-255d7c5391c3', 48);
INSERT INTO NauczycielPrzedmiot VALUES ('b5d3781d-c183-482e-a2fa-255d7c5391c3', 49);
INSERT INTO NauczycielPrzedmiot VALUES ('b5d3781d-c183-482e-a2fa-255d7c5391c3', 50);
INSERT INTO NauczycielPrzedmiot VALUES ('b5d3781d-c183-482e-a2fa-255d7c5391c3', 51);
INSERT INTO NauczycielPrzedmiot VALUES ('b5d3781d-c183-482e-a2fa-255d7c5391c3', 52);
INSERT INTO Nauczyciel VALUES('ec268a3f-33b5-4305-a5ad-a48f8493d25d', 'Gabriel', 'Bednarek', TO_DATE('2004-02-02', 'YYYY-MM-DD'), 'inż.', DEFAULT);
INSERT INTO Konto VALUES('Gabriel.Bednarek', 'nGabrielBednarek', 0, 'ec268a3f-33b5-4305-a5ad-a48f8493d25d');
INSERT INTO NauczycielPrzedmiot VALUES ('ec268a3f-33b5-4305-a5ad-a48f8493d25d', 53);
INSERT INTO NauczycielPrzedmiot VALUES ('ec268a3f-33b5-4305-a5ad-a48f8493d25d', 54);
INSERT INTO NauczycielPrzedmiot VALUES ('ec268a3f-33b5-4305-a5ad-a48f8493d25d', 55);
INSERT INTO Nauczyciel VALUES('cc859204-9690-45fd-b0d5-25e868433b5d', 'Wanda', 'Jędrzejewska', TO_DATE('2002-12-15', 'YYYY-MM-DD'), 'mgr', DEFAULT);
INSERT INTO Konto VALUES('Wanda.Jędrzejewska', 'nWandaJędrzejewska', 0, 'cc859204-9690-45fd-b0d5-25e868433b5d');
INSERT INTO NauczycielPrzedmiot VALUES ('cc859204-9690-45fd-b0d5-25e868433b5d', 56);
INSERT INTO NauczycielPrzedmiot VALUES ('cc859204-9690-45fd-b0d5-25e868433b5d', 57);
INSERT INTO NauczycielPrzedmiot VALUES ('cc859204-9690-45fd-b0d5-25e868433b5d', 58);
INSERT INTO Nauczyciel VALUES('5559e029-6c3d-4882-8d77-eb75e1cafc34', 'Marian', 'Walczak', TO_DATE('2016-04-09', 'YYYY-MM-DD'), 'inż.', DEFAULT);
INSERT INTO Konto VALUES('Marian.Walczak', 'nMarianWalczak', 0, '5559e029-6c3d-4882-8d77-eb75e1cafc34');
INSERT INTO NauczycielPrzedmiot VALUES ('5559e029-6c3d-4882-8d77-eb75e1cafc34', 59);
INSERT INTO NauczycielPrzedmiot VALUES ('5559e029-6c3d-4882-8d77-eb75e1cafc34', 60);
INSERT INTO NauczycielPrzedmiot VALUES ('5559e029-6c3d-4882-8d77-eb75e1cafc34', 61);
INSERT INTO NauczycielPrzedmiot VALUES ('5559e029-6c3d-4882-8d77-eb75e1cafc34', 62);
INSERT INTO NauczycielPrzedmiot VALUES ('5559e029-6c3d-4882-8d77-eb75e1cafc34', 63);
INSERT INTO NauczycielPrzedmiot VALUES ('5559e029-6c3d-4882-8d77-eb75e1cafc34', 64);
INSERT INTO NauczycielPrzedmiot VALUES ('5559e029-6c3d-4882-8d77-eb75e1cafc34', 65);
INSERT INTO NauczycielPrzedmiot VALUES ('5559e029-6c3d-4882-8d77-eb75e1cafc34', 66);
INSERT INTO Nauczyciel VALUES('19fbbcfb-1802-4523-8a1f-5e65d553ea63', 'Bogdan', 'Zając', TO_DATE('2014-09-01', 'YYYY-MM-DD'), 'mgr', DEFAULT);
INSERT INTO Konto VALUES('Bogdan.Zając', 'nBogdanZając', 0, '19fbbcfb-1802-4523-8a1f-5e65d553ea63');
INSERT INTO NauczycielPrzedmiot VALUES ('19fbbcfb-1802-4523-8a1f-5e65d553ea63', 1);
INSERT INTO NauczycielPrzedmiot VALUES ('19fbbcfb-1802-4523-8a1f-5e65d553ea63', 2);
INSERT INTO NauczycielPrzedmiot VALUES ('19fbbcfb-1802-4523-8a1f-5e65d553ea63', 3);
INSERT INTO NauczycielPrzedmiot VALUES ('19fbbcfb-1802-4523-8a1f-5e65d553ea63', 4);
INSERT INTO NauczycielPrzedmiot VALUES ('19fbbcfb-1802-4523-8a1f-5e65d553ea63', 5);
INSERT INTO Nauczyciel VALUES('0be17cf4-1a7f-4c9e-9114-f96eeb7c0887', 'Jagoda', 'Olejniczak', TO_DATE('2009-10-09', 'YYYY-MM-DD'), 'inż.', DEFAULT);
INSERT INTO Konto VALUES('Jagoda.Olejniczak', 'nJagodaOlejniczak', 0, '0be17cf4-1a7f-4c9e-9114-f96eeb7c0887');
INSERT INTO NauczycielPrzedmiot VALUES ('0be17cf4-1a7f-4c9e-9114-f96eeb7c0887', 6);
INSERT INTO NauczycielPrzedmiot VALUES ('0be17cf4-1a7f-4c9e-9114-f96eeb7c0887', 7);
INSERT INTO NauczycielPrzedmiot VALUES ('0be17cf4-1a7f-4c9e-9114-f96eeb7c0887', 8);
INSERT INTO Nauczyciel VALUES('449f5738-5ea8-4558-baf7-67c60165cdcc', 'Karolina', 'Olszewska', TO_DATE('2009-09-06', 'YYYY-MM-DD'), 'mgr', DEFAULT);
INSERT INTO Konto VALUES('Karolina.Olszewska', 'nKarolinaOlszewska', 0, '449f5738-5ea8-4558-baf7-67c60165cdcc');
INSERT INTO NauczycielPrzedmiot VALUES ('449f5738-5ea8-4558-baf7-67c60165cdcc', 9);
INSERT INTO NauczycielPrzedmiot VALUES ('449f5738-5ea8-4558-baf7-67c60165cdcc', 10);
INSERT INTO NauczycielPrzedmiot VALUES ('449f5738-5ea8-4558-baf7-67c60165cdcc', 11);
INSERT INTO NauczycielPrzedmiot VALUES ('449f5738-5ea8-4558-baf7-67c60165cdcc', 12);
INSERT INTO NauczycielPrzedmiot VALUES ('449f5738-5ea8-4558-baf7-67c60165cdcc', 13);
INSERT INTO Nauczyciel VALUES('70d1d636-abf8-428e-bf40-46959f36ca7b', 'Łucja', 'Czaja', TO_DATE('2012-04-01', 'YYYY-MM-DD'), 'inż.', DEFAULT);
INSERT INTO Konto VALUES('Łucja.Czaja', 'nŁucjaCzaja', 0, '70d1d636-abf8-428e-bf40-46959f36ca7b');
INSERT INTO NauczycielPrzedmiot VALUES ('70d1d636-abf8-428e-bf40-46959f36ca7b', 14);
INSERT INTO NauczycielPrzedmiot VALUES ('70d1d636-abf8-428e-bf40-46959f36ca7b', 15);
INSERT INTO NauczycielPrzedmiot VALUES ('70d1d636-abf8-428e-bf40-46959f36ca7b', 16);
INSERT INTO NauczycielPrzedmiot VALUES ('70d1d636-abf8-428e-bf40-46959f36ca7b', 17);
INSERT INTO NauczycielPrzedmiot VALUES ('70d1d636-abf8-428e-bf40-46959f36ca7b', 18);
INSERT INTO NauczycielPrzedmiot VALUES ('70d1d636-abf8-428e-bf40-46959f36ca7b', 19);
INSERT INTO NauczycielPrzedmiot VALUES ('70d1d636-abf8-428e-bf40-46959f36ca7b', 20);
INSERT INTO Nauczyciel VALUES('1fea769d-54ba-4093-9f27-ecf207d9e7c0', 'Bogusława', 'Chmielewska', TO_DATE('2016-01-13', 'YYYY-MM-DD'), 'inż.', DEFAULT);
INSERT INTO Konto VALUES('Bogusława.Chmielewska', 'nBogusławaChmielewska', 0, '1fea769d-54ba-4093-9f27-ecf207d9e7c0');
INSERT INTO NauczycielPrzedmiot VALUES ('1fea769d-54ba-4093-9f27-ecf207d9e7c0', 21);
INSERT INTO NauczycielPrzedmiot VALUES ('1fea769d-54ba-4093-9f27-ecf207d9e7c0', 22);
INSERT INTO NauczycielPrzedmiot VALUES ('1fea769d-54ba-4093-9f27-ecf207d9e7c0', 23);
INSERT INTO NauczycielPrzedmiot VALUES ('1fea769d-54ba-4093-9f27-ecf207d9e7c0', 24);
INSERT INTO NauczycielPrzedmiot VALUES ('1fea769d-54ba-4093-9f27-ecf207d9e7c0', 25);
INSERT INTO NauczycielPrzedmiot VALUES ('1fea769d-54ba-4093-9f27-ecf207d9e7c0', 26);
INSERT INTO NauczycielPrzedmiot VALUES ('1fea769d-54ba-4093-9f27-ecf207d9e7c0', 27);
INSERT INTO NauczycielPrzedmiot VALUES ('1fea769d-54ba-4093-9f27-ecf207d9e7c0', 28);
INSERT INTO Nauczyciel VALUES('523329ed-7e20-4fa6-923a-69a1fa9df4c9', 'Wacław', 'Michalak', TO_DATE('2010-04-19', 'YYYY-MM-DD'), 'inż.', DEFAULT);
INSERT INTO Konto VALUES('Wacław.Michalak', 'nWacławMichalak', 0, '523329ed-7e20-4fa6-923a-69a1fa9df4c9');
INSERT INTO NauczycielPrzedmiot VALUES ('523329ed-7e20-4fa6-923a-69a1fa9df4c9', 29);
INSERT INTO NauczycielPrzedmiot VALUES ('523329ed-7e20-4fa6-923a-69a1fa9df4c9', 30);
INSERT INTO NauczycielPrzedmiot VALUES ('523329ed-7e20-4fa6-923a-69a1fa9df4c9', 31);
INSERT INTO NauczycielPrzedmiot VALUES ('523329ed-7e20-4fa6-923a-69a1fa9df4c9', 32);
INSERT INTO NauczycielPrzedmiot VALUES ('523329ed-7e20-4fa6-923a-69a1fa9df4c9', 33);
INSERT INTO NauczycielPrzedmiot VALUES ('523329ed-7e20-4fa6-923a-69a1fa9df4c9', 34);
INSERT INTO NauczycielPrzedmiot VALUES ('523329ed-7e20-4fa6-923a-69a1fa9df4c9', 35);
INSERT INTO NauczycielPrzedmiot VALUES ('523329ed-7e20-4fa6-923a-69a1fa9df4c9', 36);
INSERT INTO Nauczyciel VALUES('d594bdfc-b8a4-45d8-af97-424fddb501f2', 'Gabriela', 'Kasprzyk', TO_DATE('2018-06-17', 'YYYY-MM-DD'), 'inż.', DEFAULT);
INSERT INTO Konto VALUES('Gabriela.Kasprzyk', 'nGabrielaKasprzyk', 0, 'd594bdfc-b8a4-45d8-af97-424fddb501f2');
INSERT INTO NauczycielPrzedmiot VALUES ('d594bdfc-b8a4-45d8-af97-424fddb501f2', 37);
INSERT INTO NauczycielPrzedmiot VALUES ('d594bdfc-b8a4-45d8-af97-424fddb501f2', 38);
INSERT INTO NauczycielPrzedmiot VALUES ('d594bdfc-b8a4-45d8-af97-424fddb501f2', 39);
INSERT INTO NauczycielPrzedmiot VALUES ('d594bdfc-b8a4-45d8-af97-424fddb501f2', 40);
INSERT INTO NauczycielPrzedmiot VALUES ('d594bdfc-b8a4-45d8-af97-424fddb501f2', 41);
INSERT INTO Nauczyciel VALUES('c2e19f6d-dd4d-4a7a-ae50-c764afa91037', 'Sebastian', 'Marczak', TO_DATE('2010-06-23', 'YYYY-MM-DD'), 'inż.', DEFAULT);
INSERT INTO Konto VALUES('Sebastian.Marczak', 'nSebastianMarczak', 0, 'c2e19f6d-dd4d-4a7a-ae50-c764afa91037');
INSERT INTO NauczycielPrzedmiot VALUES ('c2e19f6d-dd4d-4a7a-ae50-c764afa91037', 42);
INSERT INTO NauczycielPrzedmiot VALUES ('c2e19f6d-dd4d-4a7a-ae50-c764afa91037', 43);
INSERT INTO NauczycielPrzedmiot VALUES ('c2e19f6d-dd4d-4a7a-ae50-c764afa91037', 44);
INSERT INTO NauczycielPrzedmiot VALUES ('c2e19f6d-dd4d-4a7a-ae50-c764afa91037', 45);
INSERT INTO NauczycielPrzedmiot VALUES ('c2e19f6d-dd4d-4a7a-ae50-c764afa91037', 46);
INSERT INTO NauczycielPrzedmiot VALUES ('c2e19f6d-dd4d-4a7a-ae50-c764afa91037', 47);
INSERT INTO NauczycielPrzedmiot VALUES ('c2e19f6d-dd4d-4a7a-ae50-c764afa91037', 48);
INSERT INTO Nauczyciel VALUES('b247220c-6b9e-4c75-8057-0dbea4e4f3bc', 'Cecylia', 'Kuczyńska', TO_DATE('2001-08-12', 'YYYY-MM-DD'), 'inż.', DEFAULT);
INSERT INTO Konto VALUES('Cecylia.Kuczyńska', 'nCecyliaKuczyńska', 0, 'b247220c-6b9e-4c75-8057-0dbea4e4f3bc');
INSERT INTO NauczycielPrzedmiot VALUES ('b247220c-6b9e-4c75-8057-0dbea4e4f3bc', 49);
INSERT INTO NauczycielPrzedmiot VALUES ('b247220c-6b9e-4c75-8057-0dbea4e4f3bc', 50);
INSERT INTO NauczycielPrzedmiot VALUES ('b247220c-6b9e-4c75-8057-0dbea4e4f3bc', 51);
INSERT INTO NauczycielPrzedmiot VALUES ('b247220c-6b9e-4c75-8057-0dbea4e4f3bc', 52);
INSERT INTO Nauczyciel VALUES('c29d4f85-5239-4355-9fcd-88111a39e42a', 'Kalina', 'Karczewska', TO_DATE('2009-06-17', 'YYYY-MM-DD'), 'mgr', DEFAULT);
INSERT INTO Konto VALUES('Kalina.Karczewska', 'nKalinaKarczewska', 0, 'c29d4f85-5239-4355-9fcd-88111a39e42a');
INSERT INTO NauczycielPrzedmiot VALUES ('c29d4f85-5239-4355-9fcd-88111a39e42a', 53);
INSERT INTO NauczycielPrzedmiot VALUES ('c29d4f85-5239-4355-9fcd-88111a39e42a', 54);
INSERT INTO NauczycielPrzedmiot VALUES ('c29d4f85-5239-4355-9fcd-88111a39e42a', 55);
INSERT INTO NauczycielPrzedmiot VALUES ('c29d4f85-5239-4355-9fcd-88111a39e42a', 56);
INSERT INTO Nauczyciel VALUES('d0ab5f30-fd83-401e-af62-54d2a74acfb2', 'Marcelina', 'Wawrzyniak', TO_DATE('2018-01-20', 'YYYY-MM-DD'), 'mgr', DEFAULT);
INSERT INTO Konto VALUES('Marcelina.Wawrzyniak', 'nMarcelinaWawrzyniak', 0, 'd0ab5f30-fd83-401e-af62-54d2a74acfb2');
INSERT INTO NauczycielPrzedmiot VALUES ('d0ab5f30-fd83-401e-af62-54d2a74acfb2', 57);
INSERT INTO NauczycielPrzedmiot VALUES ('d0ab5f30-fd83-401e-af62-54d2a74acfb2', 58);
INSERT INTO NauczycielPrzedmiot VALUES ('d0ab5f30-fd83-401e-af62-54d2a74acfb2', 59);
INSERT INTO NauczycielPrzedmiot VALUES ('d0ab5f30-fd83-401e-af62-54d2a74acfb2', 60);
INSERT INTO NauczycielPrzedmiot VALUES ('d0ab5f30-fd83-401e-af62-54d2a74acfb2', 61);
INSERT INTO NauczycielPrzedmiot VALUES ('d0ab5f30-fd83-401e-af62-54d2a74acfb2', 62);
INSERT INTO Nauczyciel VALUES('e82dc5da-c3a6-468a-84bb-7570c156f455', 'Ireneusz', 'Grzybowski', TO_DATE('2013-12-11', 'YYYY-MM-DD'), 'mgr', DEFAULT);
INSERT INTO Konto VALUES('Ireneusz.Grzybowski', 'nIreneuszGrzybowski', 0, 'e82dc5da-c3a6-468a-84bb-7570c156f455');
INSERT INTO NauczycielPrzedmiot VALUES ('e82dc5da-c3a6-468a-84bb-7570c156f455', 1);
INSERT INTO NauczycielPrzedmiot VALUES ('e82dc5da-c3a6-468a-84bb-7570c156f455', 2);
INSERT INTO NauczycielPrzedmiot VALUES ('e82dc5da-c3a6-468a-84bb-7570c156f455', 3);
INSERT INTO NauczycielPrzedmiot VALUES ('e82dc5da-c3a6-468a-84bb-7570c156f455', 4);
INSERT INTO NauczycielPrzedmiot VALUES ('e82dc5da-c3a6-468a-84bb-7570c156f455', 5);
