INSERT INTO GodzinyLekcyjne VALUES (1, '08:00', '08:45');
INSERT INTO GodzinyLekcyjne VALUES (2, '08:50', '09:35');
INSERT INTO GodzinyLekcyjne VALUES (3, '09:45', '10:30');
INSERT INTO GodzinyLekcyjne VALUES (4, '10:40', '11:25');
INSERT INTO GodzinyLekcyjne VALUES (5, '11:45', '12:30');
INSERT INTO GodzinyLekcyjne VALUES (6, '12:40', '13:25');
INSERT INTO GodzinyLekcyjne VALUES (7, '13:35', '14:20');
INSERT INTO GodzinyLekcyjne VALUES (8, '15:05', '15:50');
INSERT INTO GodzinyLekcyjne VALUES (9, '16:35', '17:20');
INSERT INTO GodzinyLekcyjne VALUES (10, '17:30', '18:15');
INSERT INTO Konto VALUES ('Maciek', '1234', 0, 'Ujeden');
INSERT INTO Konto VALUES ('Pawel', '1234', 1, 'Njeden');
INSERT INTO Uczen VALUES ('Ujeden', DEFAULT, 'Maciek', 'Bandura','12345678998', TO_DATE('2011/05/16', 'yyyy/mm/dd'),'Kielce', '0');
INSERT INTO Uczen VALUES ('Udwa', DEFAULT,  'Marcin', 'Ślusarczyk','12345678998', TO_DATE('2014/11/21', 'yyyy/mm/dd'),'Kielce', '0');
INSERT INTO Nauczyciel VALUES ('Njeden', 'Paweł','Paduch', DEFAULT, 'dr', DEFAULT); 
INSERT INTO Nauczyciel VALUES ('Ndwa', 'Adam','Krechowicz', DEFAULT, 'dr', DEFAULT); 
INSERT INTO sesja VALUES ('TOKEN213769',CURRENT_TIMESTAMP, 'Djeden', 3);
INSERT INTO sesja VALUES ('TOKEN21376958',TO_TIMESTAMP('2022-11-18 10:25:31', 'YYYY-MM-DD HH24:MI:SS'), 'Ujeden', 0);
INSERT INTO Przedmiot VALUES (DEFAULT, 'Edukacja Wczesnoszkolna', 1, 16, DEFAULT);
INSERT INTO Przedmiot VALUES (DEFAULT, 'Edukacja Wczesnoszkolna', 2, 16, DEFAULT);
INSERT INTO Przedmiot VALUES (DEFAULT, 'Edukacja Wczesnoszkolna', 3, 17, DEFAULT);
INSERT INTO Przedmiot VALUES (DEFAULT, 'Język polski', 4, 5, DEFAULT);
INSERT INTO Przedmiot VALUES (DEFAULT, 'Język polski', 5, 4, DEFAULT);
INSERT INTO Przedmiot VALUES (DEFAULT, 'Język polski', 6, 5, DEFAULT);
INSERT INTO Przedmiot VALUES (DEFAULT, 'Język polski', 7, 5, DEFAULT);
INSERT INTO Przedmiot VALUES (DEFAULT, 'Język polski', 8, 5, DEFAULT);
INSERT INTO Przedmiot VALUES (DEFAULT, 'Język angielski', 1, 1, DEFAULT);
INSERT INTO Przedmiot VALUES (DEFAULT, 'Język angielski', 2, 1, DEFAULT);
INSERT INTO Przedmiot VALUES (DEFAULT, 'Język angielski', 3, 1, DEFAULT);
INSERT INTO Przedmiot VALUES (DEFAULT, 'Język angielski', 4, 3, DEFAULT);
INSERT INTO Przedmiot VALUES (DEFAULT, 'Język angielski', 5, 3, DEFAULT);
INSERT INTO Przedmiot VALUES (DEFAULT, 'Język angielski', 6, 3, DEFAULT);
INSERT INTO Przedmiot VALUES (DEFAULT, 'Język angielski', 7, 3, DEFAULT);
INSERT INTO Przedmiot VALUES (DEFAULT, 'Język angielski', 8, 3, DEFAULT);
INSERT INTO Przedmiot VALUES (DEFAULT, 'Język niemiecki', 8, 2, DEFAULT);
INSERT INTO Przedmiot VALUES (DEFAULT, 'Matematyka', 4, 4, DEFAULT);
INSERT INTO Przedmiot VALUES (DEFAULT, 'Matematyka', 5, 4, DEFAULT);
INSERT INTO Przedmiot VALUES (DEFAULT, 'Matematyka', 6, 4, DEFAULT);
INSERT INTO Przedmiot VALUES (DEFAULT, 'Matematyka', 7, 4, DEFAULT);
INSERT INTO Przedmiot VALUES (DEFAULT, 'Matematyka', 8, 4, DEFAULT);
INSERT INTO Przedmiot VALUES (DEFAULT, 'Informatyka', 4, 1, DEFAULT);
INSERT INTO Przedmiot VALUES (DEFAULT, 'Informatyka', 5, 1, DEFAULT);
INSERT INTO Przedmiot VALUES (DEFAULT, 'Informatyka', 6, 1, DEFAULT);
INSERT INTO Przedmiot VALUES (DEFAULT, 'Informatyka', 7, 1, DEFAULT);
INSERT INTO Przedmiot VALUES (DEFAULT, 'Informatyka', 8, 1, DEFAULT);
INSERT INTO Przedmiot VALUES (DEFAULT, 'Technika', 4, 1, DEFAULT);
INSERT INTO Przedmiot VALUES (DEFAULT, 'Technika', 5, 1, DEFAULT);
INSERT INTO Przedmiot VALUES (DEFAULT, 'Technika', 6, 1, DEFAULT);
INSERT INTO Przedmiot VALUES (DEFAULT, 'Historia', 4, 1, DEFAULT);
INSERT INTO Przedmiot VALUES (DEFAULT, 'Historia', 5, 2, DEFAULT);
INSERT INTO Przedmiot VALUES (DEFAULT, 'Historia', 6, 2, DEFAULT);
INSERT INTO Przedmiot VALUES (DEFAULT, 'Historia', 7, 2, DEFAULT);
INSERT INTO Przedmiot VALUES (DEFAULT, 'Historia', 8, 2, DEFAULT);
INSERT INTO Przedmiot VALUES (DEFAULT, 'Przyroda', 4, 1, DEFAULT);
INSERT INTO Przedmiot VALUES (DEFAULT, 'Muzyka', 4, 1, DEFAULT);
INSERT INTO Przedmiot VALUES (DEFAULT, 'Muzyka', 5, 1, DEFAULT);
INSERT INTO Przedmiot VALUES (DEFAULT, 'Muzyka', 6, 1, DEFAULT);
INSERT INTO Przedmiot VALUES (DEFAULT, 'Muzyka', 7, 1, DEFAULT);
INSERT INTO Przedmiot VALUES (DEFAULT, 'Plastyka', 4, 1, DEFAULT);
INSERT INTO Przedmiot VALUES (DEFAULT, 'Plastyka', 5, 1, DEFAULT);
INSERT INTO Przedmiot VALUES (DEFAULT, 'Plastyka', 6, 1, DEFAULT);
INSERT INTO Przedmiot VALUES (DEFAULT, 'Plastyka', 7, 1, DEFAULT);
INSERT INTO Przedmiot VALUES (DEFAULT, 'Wychowanie fizyczne', 4, 4, DEFAULT);
INSERT INTO Przedmiot VALUES (DEFAULT, 'Wychowanie fizyczne', 5, 4, DEFAULT);
INSERT INTO Przedmiot VALUES (DEFAULT, 'Wychowanie fizyczne', 6, 4, DEFAULT);
INSERT INTO Przedmiot VALUES (DEFAULT, 'Wychowanie fizyczne', 7, 4, DEFAULT);
INSERT INTO Przedmiot VALUES (DEFAULT, 'Wychowanie fizyczne', 8, 4, DEFAULT);
INSERT INTO Przedmiot VALUES (DEFAULT, 'Geografia', 5, 1, DEFAULT);
INSERT INTO Przedmiot VALUES (DEFAULT, 'Biologia', 5, 1, DEFAULT);
INSERT INTO Przedmiot VALUES (DEFAULT, 'Geografia', 6, 1, DEFAULT);
INSERT INTO Przedmiot VALUES (DEFAULT, 'Biologia', 6, 1, DEFAULT);
INSERT INTO Przedmiot VALUES (DEFAULT, 'Geografia', 7, 2, DEFAULT);
INSERT INTO Przedmiot VALUES (DEFAULT, 'Geografia', 7, 1, DEFAULT);
INSERT INTO Przedmiot VALUES (DEFAULT, 'Biologia', 7, 2, DEFAULT);
INSERT INTO Przedmiot VALUES (DEFAULT, 'Biologia', 8, 1, DEFAULT);
INSERT INTO Przedmiot VALUES (DEFAULT, 'Chemia', 7, 2, DEFAULT);
INSERT INTO Przedmiot VALUES (DEFAULT, 'Chemia', 8, 2, DEFAULT);
INSERT INTO Przedmiot VALUES (DEFAULT, 'Fizyka', 7, 2, DEFAULT);
INSERT INTO Przedmiot VALUES (DEFAULT, 'Fizyka', 8, 2, DEFAULT);
INSERT INTO Przedmiot VALUES (DEFAULT, 'Edukacja dla bezpieczeństwa', 7, 1, DEFAULT);
INSERT INTO Przedmiot VALUES (DEFAULT, 'Edukacja dla bezpieczeństwa', 8, 1, DEFAULT);
INSERT INTO Przedmiot VALUES (DEFAULT, 'Wiedza o spoeczeństwie', 8, 1, DEFAULT);
INSERT INTO NauczycielPrzedmiot VALUES ('Njeden', 1);
INSERT INTO NauczycielPrzedmiot VALUES ('Njeden', 2);
INSERT INTO Uczen VALUES('fb2eb87d-96b3-4831-9de3-0d801536885a', DEFAULT, 'Ksawery', 'Ostrowski', '29841236319', TO_DATE('2010-10-28', 'YYYY-MM-DD'), 'Opatów', DEFAULT);
INSERT INTO Konto VALUES('Ksawery.Ostrowski', '29841236319', 0, 'fb2eb87d-96b3-4831-9de3-0d801536885a');
INSERT INTO Uczen VALUES('333c7697-42b1-490f-bc1a-ff9ffe262ad9', DEFAULT, 'Helena', 'Czerwińska', '13631159362', TO_DATE('2014-04-19', 'YYYY-MM-DD'), 'Ostrowiec Świętokrzyski', DEFAULT);
INSERT INTO Konto VALUES('Helena.Czerwińska', '13631159362', 0, '333c7697-42b1-490f-bc1a-ff9ffe262ad9');
INSERT INTO Uczen VALUES('3e155da9-8b00-4ae7-b14c-68d23323e28b', DEFAULT, 'Kinga', 'Lipińska', '54336919105', TO_DATE('2011-01-15', 'YYYY-MM-DD'), 'Kielce', DEFAULT);
INSERT INTO Konto VALUES('Kinga.Lipińska', '54336919105', 0, '3e155da9-8b00-4ae7-b14c-68d23323e28b');
INSERT INTO Uczen VALUES('119a5c0c-74a3-4a12-bdec-dab313d3d25a', DEFAULT, 'Leszek', 'Jędrzejewski', '45638970625', TO_DATE('2013-12-17', 'YYYY-MM-DD'), 'Ostrowiec Świętokrzyski', DEFAULT);
INSERT INTO Konto VALUES('Leszek.Jędrzejewski', '45638970625', 0, '119a5c0c-74a3-4a12-bdec-dab313d3d25a');
INSERT INTO Uczen VALUES('ae9632f7-296f-46ba-9891-e6aeb88930af', DEFAULT, 'Gracjan', 'Kamiński', '50314832790', TO_DATE('2010-01-26', 'YYYY-MM-DD'), 'Ostrowiec Świętokrzyski', DEFAULT);
INSERT INTO Konto VALUES('Gracjan.Kamiński', '50314832790', 0, 'ae9632f7-296f-46ba-9891-e6aeb88930af');
INSERT INTO Uczen VALUES('d3f1952c-415a-401c-9bb8-8b048982ecd0', DEFAULT, 'Józefa', 'Domagała', '83664358664', TO_DATE('2014-07-20', 'YYYY-MM-DD'), 'Wrocław', DEFAULT);
INSERT INTO Konto VALUES('Józefa.Domagała', '83664358664', 0, 'd3f1952c-415a-401c-9bb8-8b048982ecd0');
INSERT INTO Uczen VALUES('233e63f9-5a46-447c-8df7-1b98b8c16319', DEFAULT, 'Romuald', 'Kubicki', '50295753827', TO_DATE('2013-11-30', 'YYYY-MM-DD'), 'Kielce', DEFAULT);
INSERT INTO Konto VALUES('Romuald.Kubicki', '50295753827', 0, '233e63f9-5a46-447c-8df7-1b98b8c16319');
INSERT INTO Uczen VALUES('6a57aa03-6842-4ff1-aba5-95da2eacfec7', DEFAULT, 'Honorata', 'Krajewska', '59762033456', TO_DATE('2013-01-20', 'YYYY-MM-DD'), 'Ostrowiec Świętokrzyski', DEFAULT);
INSERT INTO Konto VALUES('Honorata.Krajewska', '59762033456', 0, '6a57aa03-6842-4ff1-aba5-95da2eacfec7');
INSERT INTO Uczen VALUES('e6ba5fd4-6814-45e3-9e11-048c2c8fc65d', DEFAULT, 'Franciszek', 'Górny', '80267824739', TO_DATE('2012-11-22', 'YYYY-MM-DD'), 'Katowice', DEFAULT);
INSERT INTO Konto VALUES('Franciszek.Górny', '80267824739', 0, 'e6ba5fd4-6814-45e3-9e11-048c2c8fc65d');
INSERT INTO Uczen VALUES('1a51efe4-e6f1-4ad3-8f2c-30f1c5c67d3f', DEFAULT, 'Mirosława', 'Lisowska', '83680297384', TO_DATE('2012-03-03', 'YYYY-MM-DD'), 'Kielce', DEFAULT);
INSERT INTO Konto VALUES('Mirosława.Lisowska', '83680297384', 0, '1a51efe4-e6f1-4ad3-8f2c-30f1c5c67d3f');
INSERT INTO Uczen VALUES('86133eec-cefa-4f87-9068-66b3842c6505', DEFAULT, 'Mariola', 'Morawska', '80767724938', TO_DATE('2013-03-25', 'YYYY-MM-DD'), 'Kielce', DEFAULT);
INSERT INTO Konto VALUES('Mariola.Morawska', '80767724938', 0, '86133eec-cefa-4f87-9068-66b3842c6505');
INSERT INTO Uczen VALUES('acb89f26-9a82-478c-8dea-f0358b59ee71', DEFAULT, 'Szczepan', 'Baranowski', '74251882269', TO_DATE('2011-11-12', 'YYYY-MM-DD'), 'Kielce', DEFAULT);
INSERT INTO Konto VALUES('Szczepan.Baranowski', '74251882269', 0, 'acb89f26-9a82-478c-8dea-f0358b59ee71');
INSERT INTO Uczen VALUES('2cb960d0-361b-4d78-a2dd-8b7284804947', DEFAULT, 'Marcelina', 'Piekarska', '60400034010', TO_DATE('2014-02-09', 'YYYY-MM-DD'), 'Kielce', DEFAULT);
INSERT INTO Konto VALUES('Marcelina.Piekarska', '60400034010', 0, '2cb960d0-361b-4d78-a2dd-8b7284804947');
INSERT INTO Uczen VALUES('21fb6d5d-3c1d-4f97-b20c-3064e9f52d8c', DEFAULT, 'Oliwia', 'Góra', '17943741651', TO_DATE('2008-08-14', 'YYYY-MM-DD'), 'Kielce', DEFAULT);
INSERT INTO Konto VALUES('Oliwia.Góra', '17943741651', 0, '21fb6d5d-3c1d-4f97-b20c-3064e9f52d8c');
INSERT INTO Uczen VALUES('bf66b5d5-ff6e-4d74-8e5e-df54e299a8ef', DEFAULT, 'Marlena', 'Jankowska', '84311227949', TO_DATE('2008-01-30', 'YYYY-MM-DD'), 'Katowice', DEFAULT);
INSERT INTO Konto VALUES('Marlena.Jankowska', '84311227949', 0, 'bf66b5d5-ff6e-4d74-8e5e-df54e299a8ef');
INSERT INTO Uczen VALUES('eb21c85b-abc3-4c9b-8344-f351ca6faa0d', DEFAULT, 'Nina', 'Czajkowska', '23494011719', TO_DATE('2015-06-13', 'YYYY-MM-DD'), 'Końskie', DEFAULT);
INSERT INTO Konto VALUES('Nina.Czajkowska', '23494011719', 0, 'eb21c85b-abc3-4c9b-8344-f351ca6faa0d');
INSERT INTO Uczen VALUES('e36ecc64-1f7f-43ca-9602-1534b7b3bcee', DEFAULT, 'Maja', 'Bednarska', '75286163257', TO_DATE('2015-10-31', 'YYYY-MM-DD'), 'Kielce', DEFAULT);
INSERT INTO Konto VALUES('Maja.Bednarska', '75286163257', 0, 'e36ecc64-1f7f-43ca-9602-1534b7b3bcee');
INSERT INTO Uczen VALUES('e113b908-cd37-4736-a1b6-41b5da11643d', DEFAULT, 'Waldemar', 'Urbaniak', '78555110853', TO_DATE('2012-01-21', 'YYYY-MM-DD'), 'Końskie', DEFAULT);
INSERT INTO Konto VALUES('Waldemar.Urbaniak', '78555110853', 0, 'e113b908-cd37-4736-a1b6-41b5da11643d');
INSERT INTO Uczen VALUES('b6f8be52-f10c-460c-9222-7e8be998ce06', DEFAULT, 'Jacek', 'Domagała', '91284220140', TO_DATE('2012-12-18', 'YYYY-MM-DD'), 'Wrocław', DEFAULT);
INSERT INTO Konto VALUES('Jacek.Domagała', '91284220140', 0, 'b6f8be52-f10c-460c-9222-7e8be998ce06');
INSERT INTO Uczen VALUES('8d607c75-9515-4b76-bee7-c6f2eb0c5211', DEFAULT, 'Bartłomiej', 'Szewczyk', '60768496530', TO_DATE('2009-04-15', 'YYYY-MM-DD'), 'Kielce', DEFAULT);
INSERT INTO Konto VALUES('Bartłomiej.Szewczyk', '60768496530', 0, '8d607c75-9515-4b76-bee7-c6f2eb0c5211');
INSERT INTO Uczen VALUES('852acf23-6c62-45f3-ba9e-af1c99f1b4e3', DEFAULT, 'Hanna', 'Kubicka', '56105766076', TO_DATE('2009-12-29', 'YYYY-MM-DD'), 'Kielce', DEFAULT);
INSERT INTO Konto VALUES('Hanna.Kubicka', '56105766076', 0, '852acf23-6c62-45f3-ba9e-af1c99f1b4e3');
INSERT INTO Uczen VALUES('88aaa42f-9f67-42ec-9e31-dae241cc9f39', DEFAULT, 'Wiktor', 'Bednarski', '55313817535', TO_DATE('2015-04-27', 'YYYY-MM-DD'), 'Wrocław', DEFAULT);
INSERT INTO Konto VALUES('Wiktor.Bednarski', '55313817535', 0, '88aaa42f-9f67-42ec-9e31-dae241cc9f39');
INSERT INTO Uczen VALUES('d887a774-b90d-4032-b617-b60afbafed37', DEFAULT, 'Katarzyna', 'Stankiewicz', '78666275405', TO_DATE('2016-04-08', 'YYYY-MM-DD'), 'Kielce', DEFAULT);
INSERT INTO Konto VALUES('Katarzyna.Stankiewicz', '78666275405', 0, 'd887a774-b90d-4032-b617-b60afbafed37');
INSERT INTO Uczen VALUES('659a850d-4421-4ba6-8d5e-719c311a3d1d', DEFAULT, 'Leszek', 'Stasiak', '05776961625', TO_DATE('2011-11-30', 'YYYY-MM-DD'), 'Kielce', DEFAULT);
INSERT INTO Konto VALUES('Leszek.Stasiak', '05776961625', 0, '659a850d-4421-4ba6-8d5e-719c311a3d1d');
INSERT INTO Uczen VALUES('3ea825bf-7dca-48b9-b896-23d0cb2ab03d', DEFAULT, 'Grzegorz', 'Skrzypczak', '08195001863', TO_DATE('2009-01-29', 'YYYY-MM-DD'), 'Kielce', DEFAULT);
INSERT INTO Konto VALUES('Grzegorz.Skrzypczak', '08195001863', 0, '3ea825bf-7dca-48b9-b896-23d0cb2ab03d');
INSERT INTO Uczen VALUES('13b98ce6-2bfe-4ab1-be9b-46c2e6e05c48', DEFAULT, 'Jagoda', 'Żukowska', '82346801128', TO_DATE('2014-05-11', 'YYYY-MM-DD'), 'Kielce', DEFAULT);
INSERT INTO Konto VALUES('Jagoda.Żukowska', '82346801128', 0, '13b98ce6-2bfe-4ab1-be9b-46c2e6e05c48');
INSERT INTO Uczen VALUES('9de1a2c7-dddb-4043-a933-0c027c2c2515', DEFAULT, 'Marzanna', 'Murawska', '06283881192', TO_DATE('2013-07-08', 'YYYY-MM-DD'), 'Kielce', DEFAULT);
INSERT INTO Konto VALUES('Marzanna.Murawska', '06283881192', 0, '9de1a2c7-dddb-4043-a933-0c027c2c2515');
INSERT INTO Uczen VALUES('a5f18d27-f0b9-4d9f-85ee-479826a77f7d', DEFAULT, 'Józef', 'Skrzypczak', '98508266082', TO_DATE('2016-09-01', 'YYYY-MM-DD'), 'Kielce', DEFAULT);
INSERT INTO Konto VALUES('Józef.Skrzypczak', '98508266082', 0, 'a5f18d27-f0b9-4d9f-85ee-479826a77f7d');
INSERT INTO Uczen VALUES('a7d2e0e7-5210-44e1-a89e-2ca3b3981c50', DEFAULT, 'Sebastian', 'Bednarczyk', '57951830585', TO_DATE('2009-01-09', 'YYYY-MM-DD'), 'Kielce', DEFAULT);
INSERT INTO Konto VALUES('Sebastian.Bednarczyk', '57951830585', 0, 'a7d2e0e7-5210-44e1-a89e-2ca3b3981c50');
INSERT INTO Uczen VALUES('87878800-3c08-4b58-a713-a71b78638953', DEFAULT, 'Mykola', 'Wysocki', '92969709816', TO_DATE('2016-02-10', 'YYYY-MM-DD'), 'Kielce', DEFAULT);
INSERT INTO Konto VALUES('Mykola.Wysocki', '92969709816', 0, '87878800-3c08-4b58-a713-a71b78638953');
INSERT INTO Uczen VALUES('b45311e0-0ffe-4879-ad2b-c4e3c09fe088', DEFAULT, 'Mirosław', 'Kulesza', '92944069624', TO_DATE('2012-02-20', 'YYYY-MM-DD'), 'Kielce', DEFAULT);
INSERT INTO Konto VALUES('Mirosław.Kulesza', '92944069624', 0, 'b45311e0-0ffe-4879-ad2b-c4e3c09fe088');
INSERT INTO Uczen VALUES('0e9916f5-63a5-4d1d-8231-ab06a937467e', DEFAULT, 'Stefan', 'Dobrowolski', '09901673946', TO_DATE('2008-12-04', 'YYYY-MM-DD'), 'Łódź', DEFAULT);
INSERT INTO Konto VALUES('Stefan.Dobrowolski', '09901673946', 0, '0e9916f5-63a5-4d1d-8231-ab06a937467e');
INSERT INTO Uczen VALUES('133f8080-7a94-4def-892d-2c93963a8f8e', DEFAULT, 'Zofia', 'Jankowska', '54649485769', TO_DATE('2011-09-30', 'YYYY-MM-DD'), 'Kielce', DEFAULT);
INSERT INTO Konto VALUES('Zofia.Jankowska', '54649485769', 0, '133f8080-7a94-4def-892d-2c93963a8f8e');
INSERT INTO Uczen VALUES('3345069d-2347-47c3-81c9-7b675ea3179b', DEFAULT, 'Kamila', 'Musiał', '52933898390', TO_DATE('2012-10-01', 'YYYY-MM-DD'), 'Katowice', DEFAULT);
INSERT INTO Konto VALUES('Kamila.Musiał', '52933898390', 0, '3345069d-2347-47c3-81c9-7b675ea3179b');
INSERT INTO Uczen VALUES('3c6372bd-eaa9-46f1-9525-74bb427a6d1e', DEFAULT, 'Szczepan', 'Wojciechowski', '69671435185', TO_DATE('2015-06-21', 'YYYY-MM-DD'), 'Kielce', DEFAULT);
INSERT INTO Konto VALUES('Szczepan.Wojciechowski', '69671435185', 0, '3c6372bd-eaa9-46f1-9525-74bb427a6d1e');
INSERT INTO Uczen VALUES('857dcab3-b223-46f5-93b9-b5977da3a60d', DEFAULT, 'Łucja', 'Rak', '05681640704', TO_DATE('2010-11-30', 'YYYY-MM-DD'), 'Kielce', DEFAULT);
INSERT INTO Konto VALUES('Łucja.Rak', '05681640704', 0, '857dcab3-b223-46f5-93b9-b5977da3a60d');
INSERT INTO Uczen VALUES('7e8629be-ac75-4836-8ca0-bf393762a900', DEFAULT, 'Daniel', 'Marcinkowski', '47438020676', TO_DATE('2016-07-30', 'YYYY-MM-DD'), 'Katowice', DEFAULT);
INSERT INTO Konto VALUES('Daniel.Marcinkowski', '47438020676', 0, '7e8629be-ac75-4836-8ca0-bf393762a900');
INSERT INTO Uczen VALUES('0e8f907c-3fa0-4089-8bf6-9f902cc8a551', DEFAULT, 'Ludwik', 'Wilczyński', '20808177433', TO_DATE('2016-04-06', 'YYYY-MM-DD'), 'Kielce', DEFAULT);
INSERT INTO Konto VALUES('Ludwik.Wilczyński', '20808177433', 0, '0e8f907c-3fa0-4089-8bf6-9f902cc8a551');
INSERT INTO Uczen VALUES('82fe32f9-1c13-4bef-8070-5c31dcf3247b', DEFAULT, 'Irena', 'Nowacka', '59176694116', TO_DATE('2015-06-25', 'YYYY-MM-DD'), 'Kielce', DEFAULT);
INSERT INTO Konto VALUES('Irena.Nowacka', '59176694116', 0, '82fe32f9-1c13-4bef-8070-5c31dcf3247b');
INSERT INTO Uczen VALUES('b1e0dd57-add1-4da5-8708-1b1203e5466a', DEFAULT, 'Stefania', 'Jasińska', '12159110284', TO_DATE('2012-06-22', 'YYYY-MM-DD'), 'Kielce', DEFAULT);
INSERT INTO Konto VALUES('Stefania.Jasińska', '12159110284', 0, 'b1e0dd57-add1-4da5-8708-1b1203e5466a');
INSERT INTO Uczen VALUES('38bb4ef1-0173-443e-ab75-be5ef15e62d5', DEFAULT, 'Sylwester', 'Czyż', '31384880026', TO_DATE('2011-04-12', 'YYYY-MM-DD'), 'Kielce', DEFAULT);
INSERT INTO Konto VALUES('Sylwester.Czyż', '31384880026', 0, '38bb4ef1-0173-443e-ab75-be5ef15e62d5');
INSERT INTO Uczen VALUES('066c43e2-ae41-4542-a0c0-afb4b9b0dc70', DEFAULT, 'Henryk', 'Kurek', '68490226667', TO_DATE('2010-10-16', 'YYYY-MM-DD'), 'Opatów', DEFAULT);
INSERT INTO Konto VALUES('Henryk.Kurek', '68490226667', 0, '066c43e2-ae41-4542-a0c0-afb4b9b0dc70');
INSERT INTO Uczen VALUES('8cccf85d-adf3-4ad8-9c08-9c50735da1ad', DEFAULT, 'Agnieszka', 'Michalik', '20420489529', TO_DATE('2009-03-10', 'YYYY-MM-DD'), 'Wrocław', DEFAULT);
INSERT INTO Konto VALUES('Agnieszka.Michalik', '20420489529', 0, '8cccf85d-adf3-4ad8-9c08-9c50735da1ad');
INSERT INTO Uczen VALUES('879c4188-24ef-4610-a5af-de439ad687b8', DEFAULT, 'Marta', 'Czarnecka', '50410385558', TO_DATE('2012-06-24', 'YYYY-MM-DD'), 'Kielce', DEFAULT);
INSERT INTO Konto VALUES('Marta.Czarnecka', '50410385558', 0, '879c4188-24ef-4610-a5af-de439ad687b8');
INSERT INTO Uczen VALUES('81d054ba-fbc8-4daf-9782-7ff398629f23', DEFAULT, 'Klaudia', 'Lech', '78997738881', TO_DATE('2009-03-14', 'YYYY-MM-DD'), 'Ostrowiec Świętokrzyski', DEFAULT);
INSERT INTO Konto VALUES('Klaudia.Lech', '78997738881', 0, '81d054ba-fbc8-4daf-9782-7ff398629f23');
INSERT INTO Uczen VALUES('e04a5f6f-af7d-40d2-8808-0b45ccf599a4', DEFAULT, 'Sebastian', 'Majewski', '68016371262', TO_DATE('2014-07-08', 'YYYY-MM-DD'), 'Opatów', DEFAULT);
INSERT INTO Konto VALUES('Sebastian.Majewski', '68016371262', 0, 'e04a5f6f-af7d-40d2-8808-0b45ccf599a4');
INSERT INTO Uczen VALUES('b44c3cb0-5f5f-4858-87ba-fbd66c1a3b98', DEFAULT, 'Szymon', 'Górecki', '77818891857', TO_DATE('2014-12-07', 'YYYY-MM-DD'), 'Kielce', DEFAULT);
INSERT INTO Konto VALUES('Szymon.Górecki', '77818891857', 0, 'b44c3cb0-5f5f-4858-87ba-fbd66c1a3b98');
INSERT INTO Uczen VALUES('c93a2d58-1962-45f8-b26d-4a0c7f2cdd81', DEFAULT, 'Honorata', 'Kamińska', '71615338792', TO_DATE('2015-06-05', 'YYYY-MM-DD'), 'Kielce', DEFAULT);
INSERT INTO Konto VALUES('Honorata.Kamińska', '71615338792', 0, 'c93a2d58-1962-45f8-b26d-4a0c7f2cdd81');
INSERT INTO Uczen VALUES('ddeff1e2-1713-4b14-8ff1-9460c5fb26cb', DEFAULT, 'Stefan', 'Kowalik', '80502734154', TO_DATE('2010-04-14', 'YYYY-MM-DD'), 'Wrocław', DEFAULT);
INSERT INTO Konto VALUES('Stefan.Kowalik', '80502734154', 0, 'ddeff1e2-1713-4b14-8ff1-9460c5fb26cb');
INSERT INTO Uczen VALUES('15596077-4441-4834-8d51-eb70adc28f38', DEFAULT, 'Dmytro', 'Kurek', '14666217093', TO_DATE('2013-07-19', 'YYYY-MM-DD'), 'Poznań', DEFAULT);
INSERT INTO Konto VALUES('Dmytro.Kurek', '14666217093', 0, '15596077-4441-4834-8d51-eb70adc28f38');
INSERT INTO Uczen VALUES('59503068-77cc-490a-8581-6ee7d1360214', DEFAULT, 'Ryszard', 'Tomaszewski', '41574281196', TO_DATE('2015-02-09', 'YYYY-MM-DD'), 'Katowice', DEFAULT);
INSERT INTO Konto VALUES('Ryszard.Tomaszewski', '41574281196', 0, '59503068-77cc-490a-8581-6ee7d1360214');
INSERT INTO Uczen VALUES('fa88020c-e511-4520-8612-7545e2f738a0', DEFAULT, 'Mateusz', 'Paluch', '36746533201', TO_DATE('2015-02-26', 'YYYY-MM-DD'), 'Kielce', DEFAULT);
INSERT INTO Konto VALUES('Mateusz.Paluch', '36746533201', 0, 'fa88020c-e511-4520-8612-7545e2f738a0');
INSERT INTO Uczen VALUES('a7832989-d9b9-40c6-a1a7-56fc14fa00a2', DEFAULT, 'Sandra', 'Piekarska', '30738387807', TO_DATE('2010-01-16', 'YYYY-MM-DD'), 'Warszawa', DEFAULT);
INSERT INTO Konto VALUES('Sandra.Piekarska', '30738387807', 0, 'a7832989-d9b9-40c6-a1a7-56fc14fa00a2');
INSERT INTO Uczen VALUES('725f8b13-ac08-41da-960c-c23581d0b9a0', DEFAULT, 'Ignacy', 'Kaczor', '37186158449', TO_DATE('2014-10-03', 'YYYY-MM-DD'), 'Warszawa', DEFAULT);
INSERT INTO Konto VALUES('Ignacy.Kaczor', '37186158449', 0, '725f8b13-ac08-41da-960c-c23581d0b9a0');
INSERT INTO Uczen VALUES('640a61c3-93f7-4513-b2c9-ff3b38fa3e5b', DEFAULT, 'Bogumiła', 'Wieczorek', '30529859116', TO_DATE('2012-11-28', 'YYYY-MM-DD'), 'Kielce', DEFAULT);
INSERT INTO Konto VALUES('Bogumiła.Wieczorek', '30529859116', 0, '640a61c3-93f7-4513-b2c9-ff3b38fa3e5b');
INSERT INTO Uczen VALUES('412687c0-2ff2-49b6-8ee4-19f3ce162420', DEFAULT, 'Julian', 'Krupa', '86574664108', TO_DATE('2008-08-30', 'YYYY-MM-DD'), 'Łódź', DEFAULT);
INSERT INTO Konto VALUES('Julian.Krupa', '86574664108', 0, '412687c0-2ff2-49b6-8ee4-19f3ce162420');
INSERT INTO Uczen VALUES('7510b93d-cfec-4cff-b1a9-11d988de75d5', DEFAULT, 'Lech', 'Wojciechowski', '40800995164', TO_DATE('2013-06-19', 'YYYY-MM-DD'), 'Kielce', DEFAULT);
INSERT INTO Konto VALUES('Lech.Wojciechowski', '40800995164', 0, '7510b93d-cfec-4cff-b1a9-11d988de75d5');
INSERT INTO Uczen VALUES('ed23d733-eb09-4cb1-9c26-91aa50609e4c', DEFAULT, 'Maciej', 'Wojciechowski', '83629746229', TO_DATE('2009-01-10', 'YYYY-MM-DD'), 'Ostrowiec Świętokrzyski', DEFAULT);
INSERT INTO Konto VALUES('Maciej.Wojciechowski', '83629746229', 0, 'ed23d733-eb09-4cb1-9c26-91aa50609e4c');
INSERT INTO Uczen VALUES('95cc73f1-3315-4b7b-aa1f-17f9536253eb', DEFAULT, 'Zdzisław', 'Niemiec', '02579408046', TO_DATE('2012-12-04', 'YYYY-MM-DD'), 'Kielce', DEFAULT);
INSERT INTO Konto VALUES('Zdzisław.Niemiec', '02579408046', 0, '95cc73f1-3315-4b7b-aa1f-17f9536253eb');
INSERT INTO Uczen VALUES('799c1020-7972-4371-9a33-c48be202c775', DEFAULT, 'Aniela', 'Głowacka', '69573801663', TO_DATE('2008-03-23', 'YYYY-MM-DD'), 'Łódź', DEFAULT);
INSERT INTO Konto VALUES('Aniela.Głowacka', '69573801663', 0, '799c1020-7972-4371-9a33-c48be202c775');
INSERT INTO Uczen VALUES('680d671a-e447-4860-824a-46d73f6d4998', DEFAULT, 'Wacław', 'Sadowski', '10786522605', TO_DATE('2011-11-08', 'YYYY-MM-DD'), 'Kielce', DEFAULT);
INSERT INTO Konto VALUES('Wacław.Sadowski', '10786522605', 0, '680d671a-e447-4860-824a-46d73f6d4998');
INSERT INTO Uczen VALUES('662b4834-dd13-47bb-aa2d-f12edd62904b', DEFAULT, 'Maksymilian', 'Polak', '08572747390', TO_DATE('2009-08-03', 'YYYY-MM-DD'), 'Kielce', DEFAULT);
INSERT INTO Konto VALUES('Maksymilian.Polak', '08572747390', 0, '662b4834-dd13-47bb-aa2d-f12edd62904b');
INSERT INTO Uczen VALUES('ed34becf-f9dc-4809-8bad-afdded135b11', DEFAULT, 'Igor', 'Lis', '27152868601', TO_DATE('2013-12-21', 'YYYY-MM-DD'), 'Warszawa', DEFAULT);
INSERT INTO Konto VALUES('Igor.Lis', '27152868601', 0, 'ed34becf-f9dc-4809-8bad-afdded135b11');
INSERT INTO Uczen VALUES('be3c2b0c-f79f-4cb4-831f-a1d6d2d96156', DEFAULT, 'Liliana', 'Szymczak', '60563326976', TO_DATE('2010-02-01', 'YYYY-MM-DD'), 'Kielce', DEFAULT);
INSERT INTO Konto VALUES('Liliana.Szymczak', '60563326976', 0, 'be3c2b0c-f79f-4cb4-831f-a1d6d2d96156');
INSERT INTO Uczen VALUES('9acad3ee-bc25-4474-9358-243c617e77a3', DEFAULT, 'Piotr', 'Panek', '04396804515', TO_DATE('2013-01-22', 'YYYY-MM-DD'), 'Katowice', DEFAULT);
INSERT INTO Konto VALUES('Piotr.Panek', '04396804515', 0, '9acad3ee-bc25-4474-9358-243c617e77a3');
INSERT INTO Uczen VALUES('a04e7fa5-fe00-4365-aedb-1f7bb6b0f78a', DEFAULT, 'Marika', 'Nowak', '79917463680', TO_DATE('2011-07-02', 'YYYY-MM-DD'), 'Kielce', DEFAULT);
INSERT INTO Konto VALUES('Marika.Nowak', '79917463680', 0, 'a04e7fa5-fe00-4365-aedb-1f7bb6b0f78a');
INSERT INTO Uczen VALUES('a8bd915b-925f-472e-aa1a-4d3ebf0bcaa2', DEFAULT, 'Grażyna', 'Pietrzak', '53373636178', TO_DATE('2010-05-21', 'YYYY-MM-DD'), 'Kielce', DEFAULT);
INSERT INTO Konto VALUES('Grażyna.Pietrzak', '53373636178', 0, 'a8bd915b-925f-472e-aa1a-4d3ebf0bcaa2');
INSERT INTO Uczen VALUES('a7c854c8-b4a6-4846-b1ce-095d1ab417fe', DEFAULT, 'Tobiasz', 'Domagała', '38292799914', TO_DATE('2010-11-28', 'YYYY-MM-DD'), 'Ostrowiec Świętokrzyski', DEFAULT);
INSERT INTO Konto VALUES('Tobiasz.Domagała', '38292799914', 0, 'a7c854c8-b4a6-4846-b1ce-095d1ab417fe');
INSERT INTO Uczen VALUES('98e93ef0-8dee-42b0-8d7f-b2073aae3970', DEFAULT, 'Emil', 'Jarosz', '07160895142', TO_DATE('2016-12-18', 'YYYY-MM-DD'), 'Katowice', DEFAULT);
INSERT INTO Konto VALUES('Emil.Jarosz', '07160895142', 0, '98e93ef0-8dee-42b0-8d7f-b2073aae3970');
INSERT INTO Uczen VALUES('02a4e415-bbc6-4e14-8677-dd19f6cc466f', DEFAULT, 'Justyna', 'Majewska', '96963154781', TO_DATE('2015-08-24', 'YYYY-MM-DD'), 'Kielce', DEFAULT);
INSERT INTO Konto VALUES('Justyna.Majewska', '96963154781', 0, '02a4e415-bbc6-4e14-8677-dd19f6cc466f');
INSERT INTO Uczen VALUES('11ae9927-5e3a-46b1-afe8-f2cecc4461e8', DEFAULT, 'Krzysztof', 'Jabłoński', '51930999404', TO_DATE('2010-04-21', 'YYYY-MM-DD'), 'Kielce', DEFAULT);
INSERT INTO Konto VALUES('Krzysztof.Jabłoński', '51930999404', 0, '11ae9927-5e3a-46b1-afe8-f2cecc4461e8');
INSERT INTO Uczen VALUES('84f5719e-0e96-4793-b721-27c19677db01', DEFAULT, 'Stefania', 'Sikorska', '85318738999', TO_DATE('2009-10-31', 'YYYY-MM-DD'), 'Warszawa', DEFAULT);
INSERT INTO Konto VALUES('Stefania.Sikorska', '85318738999', 0, '84f5719e-0e96-4793-b721-27c19677db01');
INSERT INTO Uczen VALUES('a972e99a-0ca5-4521-a74c-b2078136011c', DEFAULT, 'Mariusz', 'Janiszewski', '12391866038', TO_DATE('2014-07-25', 'YYYY-MM-DD'), 'Kielce', DEFAULT);
INSERT INTO Konto VALUES('Mariusz.Janiszewski', '12391866038', 0, 'a972e99a-0ca5-4521-a74c-b2078136011c');
INSERT INTO Uczen VALUES('92eb591b-4846-43e7-b55e-05da7aa2c1ba', DEFAULT, 'Radosław', 'Sokołowski', '39536853656', TO_DATE('2009-02-27', 'YYYY-MM-DD'), 'Kielce', DEFAULT);
INSERT INTO Konto VALUES('Radosław.Sokołowski', '39536853656', 0, '92eb591b-4846-43e7-b55e-05da7aa2c1ba');
INSERT INTO Uczen VALUES('ccdde23f-1899-4dd3-ba3e-d4e60e393e42', DEFAULT, 'Dawid', 'Rosiński', '11231751108', TO_DATE('2011-06-02', 'YYYY-MM-DD'), 'Kielce', DEFAULT);
INSERT INTO Konto VALUES('Dawid.Rosiński', '11231751108', 0, 'ccdde23f-1899-4dd3-ba3e-d4e60e393e42');
INSERT INTO Uczen VALUES('e20a9365-a797-47aa-9047-9728fff84c3f', DEFAULT, 'Aniela', 'Szymańska', '05018238943', TO_DATE('2011-01-21', 'YYYY-MM-DD'), 'Kielce', DEFAULT);
INSERT INTO Konto VALUES('Aniela.Szymańska', '05018238943', 0, 'e20a9365-a797-47aa-9047-9728fff84c3f');
INSERT INTO Uczen VALUES('eefb7a45-06b2-43d6-8699-36b1e865f7bf', DEFAULT, 'Jarosław', 'Czajkowski', '33684456327', TO_DATE('2013-10-18', 'YYYY-MM-DD'), 'Końskie', DEFAULT);
INSERT INTO Konto VALUES('Jarosław.Czajkowski', '33684456327', 0, 'eefb7a45-06b2-43d6-8699-36b1e865f7bf');
INSERT INTO Uczen VALUES('58d2b58a-6a82-4cde-abba-e671cb927a4c', DEFAULT, 'Jadwiga', 'Rogowska', '55420699725', TO_DATE('2014-03-13', 'YYYY-MM-DD'), 'Łódź', DEFAULT);
INSERT INTO Konto VALUES('Jadwiga.Rogowska', '55420699725', 0, '58d2b58a-6a82-4cde-abba-e671cb927a4c');
INSERT INTO Uczen VALUES('b0599c8a-23ce-4f2e-998c-6e9070841b7d', DEFAULT, 'Weronika', 'Dębska', '52483875543', TO_DATE('2013-03-29', 'YYYY-MM-DD'), 'Wrocław', DEFAULT);
INSERT INTO Konto VALUES('Weronika.Dębska', '52483875543', 0, 'b0599c8a-23ce-4f2e-998c-6e9070841b7d');
INSERT INTO Uczen VALUES('73b10dd6-b224-44bc-b25d-cc5467a17984', DEFAULT, 'Antonina', 'Witek', '95868323961', TO_DATE('2012-02-28', 'YYYY-MM-DD'), 'Kielce', DEFAULT);
INSERT INTO Konto VALUES('Antonina.Witek', '95868323961', 0, '73b10dd6-b224-44bc-b25d-cc5467a17984');
INSERT INTO Uczen VALUES('6db58eae-1cf1-4533-ad5d-73a173204d32', DEFAULT, 'Piotr', 'Michalak', '57538241159', TO_DATE('2014-07-23', 'YYYY-MM-DD'), 'Warszawa', DEFAULT);
INSERT INTO Konto VALUES('Piotr.Michalak', '57538241159', 0, '6db58eae-1cf1-4533-ad5d-73a173204d32');
INSERT INTO Uczen VALUES('b96cf14e-1dac-4784-991d-06969af34974', DEFAULT, 'Julia', 'Paluch', '33402803957', TO_DATE('2011-07-07', 'YYYY-MM-DD'), 'Kielce', DEFAULT);
INSERT INTO Konto VALUES('Julia.Paluch', '33402803957', 0, 'b96cf14e-1dac-4784-991d-06969af34974');
INSERT INTO Uczen VALUES('bad028d4-a292-442c-b8d1-7ea40bf47458', DEFAULT, 'Paweł', 'Zięba', '78749347579', TO_DATE('2013-06-24', 'YYYY-MM-DD'), 'Kielce', DEFAULT);
INSERT INTO Konto VALUES('Paweł.Zięba', '78749347579', 0, 'bad028d4-a292-442c-b8d1-7ea40bf47458');
INSERT INTO Uczen VALUES('b9366376-14cc-4754-a047-118d0dd0b466', DEFAULT, 'Elwira', 'Niemiec', '89083387659', TO_DATE('2014-10-03', 'YYYY-MM-DD'), 'Kielce', DEFAULT);
INSERT INTO Konto VALUES('Elwira.Niemiec', '89083387659', 0, 'b9366376-14cc-4754-a047-118d0dd0b466');
INSERT INTO Uczen VALUES('74eb42c1-6975-4e2d-84d3-c04eead5206d', DEFAULT, 'Andrzej', 'Bukowski', '99403938967', TO_DATE('2013-08-05', 'YYYY-MM-DD'), 'Poznań', DEFAULT);
INSERT INTO Konto VALUES('Andrzej.Bukowski', '99403938967', 0, '74eb42c1-6975-4e2d-84d3-c04eead5206d');
INSERT INTO Uczen VALUES('cbcbda35-7f2c-41d6-b71a-d5bd3bb10e8a', DEFAULT, 'Patryk', 'Krawczyk', '38042948145', TO_DATE('2016-01-26', 'YYYY-MM-DD'), 'Kielce', DEFAULT);
INSERT INTO Konto VALUES('Patryk.Krawczyk', '38042948145', 0, 'cbcbda35-7f2c-41d6-b71a-d5bd3bb10e8a');
INSERT INTO Uczen VALUES('08263a52-ceeb-4ea2-a0af-fbd8623411cb', DEFAULT, 'Marcin', 'Zięba', '90425947879', TO_DATE('2009-08-14', 'YYYY-MM-DD'), 'Kielce', DEFAULT);
INSERT INTO Konto VALUES('Marcin.Zięba', '90425947879', 0, '08263a52-ceeb-4ea2-a0af-fbd8623411cb');
INSERT INTO Uczen VALUES('5078f74a-a86c-4d7d-a980-aefabc310897', DEFAULT, 'Szczepan', 'Górski', '57141493824', TO_DATE('2010-07-20', 'YYYY-MM-DD'), 'Kielce', DEFAULT);
INSERT INTO Konto VALUES('Szczepan.Górski', '57141493824', 0, '5078f74a-a86c-4d7d-a980-aefabc310897');
INSERT INTO Uczen VALUES('c46e4733-efef-4cbd-8ae3-20fc618ee976', DEFAULT, 'Lech', 'Panek', '79721112507', TO_DATE('2011-06-24', 'YYYY-MM-DD'), 'Kielce', DEFAULT);
INSERT INTO Konto VALUES('Lech.Panek', '79721112507', 0, 'c46e4733-efef-4cbd-8ae3-20fc618ee976');
INSERT INTO Uczen VALUES('47a529fe-e348-4487-920e-8185964c9cf5', DEFAULT, 'Wiktor', 'Sobczak', '94976299629', TO_DATE('2014-03-21', 'YYYY-MM-DD'), 'Wrocław', DEFAULT);
INSERT INTO Konto VALUES('Wiktor.Sobczak', '94976299629', 0, '47a529fe-e348-4487-920e-8185964c9cf5');
INSERT INTO Uczen VALUES('2f460efd-9502-4a87-a9ad-6c8825b42d76', DEFAULT, 'Emilia', 'Urbaniak', '63201021499', TO_DATE('2014-01-24', 'YYYY-MM-DD'), 'Opatów', DEFAULT);
INSERT INTO Konto VALUES('Emilia.Urbaniak', '63201021499', 0, '2f460efd-9502-4a87-a9ad-6c8825b42d76');
INSERT INTO Uczen VALUES('57f77ec1-bb8b-4ddf-8b62-e2b08975f17a', DEFAULT, 'Leszek', 'Mikołajczyk', '94414238678', TO_DATE('2015-09-09', 'YYYY-MM-DD'), 'Kielce', DEFAULT);
INSERT INTO Konto VALUES('Leszek.Mikołajczyk', '94414238678', 0, '57f77ec1-bb8b-4ddf-8b62-e2b08975f17a');
INSERT INTO Uczen VALUES('feea3b29-7fa4-4635-bab9-8ce24d838bfc', DEFAULT, 'Aneta', 'Mazur', '18833627428', TO_DATE('2010-05-18', 'YYYY-MM-DD'), 'Łódź', DEFAULT);
INSERT INTO Konto VALUES('Aneta.Mazur', '18833627428', 0, 'feea3b29-7fa4-4635-bab9-8ce24d838bfc');
INSERT INTO Uczen VALUES('21f874f1-3f99-4674-9f09-1c4ec5762dac', DEFAULT, 'Genowefa', 'Podgórska', '09277578461', TO_DATE('2013-10-31', 'YYYY-MM-DD'), 'Kielce', DEFAULT);
INSERT INTO Konto VALUES('Genowefa.Podgórska', '09277578461', 0, '21f874f1-3f99-4674-9f09-1c4ec5762dac');
INSERT INTO Uczen VALUES('e51ac8f0-9d81-4481-b2a2-a76fa6b5235e', DEFAULT, 'Bernadeta', 'Tomczyk', '55289278219', TO_DATE('2010-03-11', 'YYYY-MM-DD'), 'Katowice', DEFAULT);
INSERT INTO Konto VALUES('Bernadeta.Tomczyk', '55289278219', 0, 'e51ac8f0-9d81-4481-b2a2-a76fa6b5235e');
INSERT INTO Uczen VALUES('9a75f560-5ba2-49a1-be50-13b825bf694f', DEFAULT, 'Tymon', 'Grzybowski', '58991600451', TO_DATE('2010-06-13', 'YYYY-MM-DD'), 'Kielce', DEFAULT);
INSERT INTO Konto VALUES('Tymon.Grzybowski', '58991600451', 0, '9a75f560-5ba2-49a1-be50-13b825bf694f');
INSERT INTO Uczen VALUES('0e13fa48-f238-49d9-a31e-3246fb32e27b', DEFAULT, 'Eugeniusz', 'Maciejewski', '42873139768', TO_DATE('2014-06-26', 'YYYY-MM-DD'), 'Wrocław', DEFAULT);
INSERT INTO Konto VALUES('Eugeniusz.Maciejewski', '42873139768', 0, '0e13fa48-f238-49d9-a31e-3246fb32e27b');
INSERT INTO Uczen VALUES('92a08064-a796-4ccc-8dcb-fb897ec51051', DEFAULT, 'Roman', 'Morawski', '38572615763', TO_DATE('2016-11-03', 'YYYY-MM-DD'), 'Kielce', DEFAULT);
INSERT INTO Konto VALUES('Roman.Morawski', '38572615763', 0, '92a08064-a796-4ccc-8dcb-fb897ec51051');
INSERT INTO Uczen VALUES('4dc1ac61-d001-47bf-a0f6-4946ffea95ef', DEFAULT, 'Janusz', 'Marszałek', '68510974376', TO_DATE('2009-07-22', 'YYYY-MM-DD'), 'Końskie', DEFAULT);
INSERT INTO Konto VALUES('Janusz.Marszałek', '68510974376', 0, '4dc1ac61-d001-47bf-a0f6-4946ffea95ef');
INSERT INTO Uczen VALUES('f7f799be-b99b-46b8-b3c7-7c2b42b35a96', DEFAULT, 'Wanda', 'Janik', '77481348520', TO_DATE('2008-11-21', 'YYYY-MM-DD'), 'Kielce', DEFAULT);
INSERT INTO Konto VALUES('Wanda.Janik', '77481348520', 0, 'f7f799be-b99b-46b8-b3c7-7c2b42b35a96');
INSERT INTO Nauczyciel VALUES('2e0529bf-595e-47fd-8342-04a98934dcb5', 'Maksymilian', 'Kuczyński', TO_DATE('2008-06-13', 'YYYY-MM-DD'), 'mgr', DEFAULT);
INSERT INTO Konto VALUES('Maksymilian.Kuczyński', 'nMaksymilianKuczyński', 1, '2e0529bf-595e-47fd-8342-04a98934dcb5');
INSERT INTO NauczycielPrzedmiot VALUES ('2e0529bf-595e-47fd-8342-04a98934dcb5', 1);
INSERT INTO NauczycielPrzedmiot VALUES ('2e0529bf-595e-47fd-8342-04a98934dcb5', 2);
INSERT INTO NauczycielPrzedmiot VALUES ('2e0529bf-595e-47fd-8342-04a98934dcb5', 3);
INSERT INTO NauczycielPrzedmiot VALUES ('2e0529bf-595e-47fd-8342-04a98934dcb5', 4);
INSERT INTO NauczycielPrzedmiot VALUES ('2e0529bf-595e-47fd-8342-04a98934dcb5', 5);
INSERT INTO Nauczyciel VALUES('ecf084c4-581c-40f7-9abc-0a14fff05cf7', 'Anastazja', 'Sawicka', TO_DATE('2017-11-09', 'YYYY-MM-DD'), 'inż.', DEFAULT);
INSERT INTO Konto VALUES('Anastazja.Sawicka', 'nAnastazjaSawicka', 1, 'ecf084c4-581c-40f7-9abc-0a14fff05cf7');
INSERT INTO NauczycielPrzedmiot VALUES ('ecf084c4-581c-40f7-9abc-0a14fff05cf7', 6);
INSERT INTO NauczycielPrzedmiot VALUES ('ecf084c4-581c-40f7-9abc-0a14fff05cf7', 7);
INSERT INTO NauczycielPrzedmiot VALUES ('ecf084c4-581c-40f7-9abc-0a14fff05cf7', 8);
INSERT INTO NauczycielPrzedmiot VALUES ('ecf084c4-581c-40f7-9abc-0a14fff05cf7', 9);
INSERT INTO NauczycielPrzedmiot VALUES ('ecf084c4-581c-40f7-9abc-0a14fff05cf7', 10);
INSERT INTO NauczycielPrzedmiot VALUES ('ecf084c4-581c-40f7-9abc-0a14fff05cf7', 11);
INSERT INTO NauczycielPrzedmiot VALUES ('ecf084c4-581c-40f7-9abc-0a14fff05cf7', 12);
INSERT INTO NauczycielPrzedmiot VALUES ('ecf084c4-581c-40f7-9abc-0a14fff05cf7', 13);
INSERT INTO Nauczyciel VALUES('685bc993-4950-4e85-8f33-25ec744e1216', 'Mirosław', 'Lisowski', TO_DATE('2001-12-18', 'YYYY-MM-DD'), 'inż.', DEFAULT);
INSERT INTO Konto VALUES('Mirosław.Lisowski', 'nMirosławLisowski', 1, '685bc993-4950-4e85-8f33-25ec744e1216');
INSERT INTO NauczycielPrzedmiot VALUES ('685bc993-4950-4e85-8f33-25ec744e1216', 14);
INSERT INTO NauczycielPrzedmiot VALUES ('685bc993-4950-4e85-8f33-25ec744e1216', 15);
INSERT INTO NauczycielPrzedmiot VALUES ('685bc993-4950-4e85-8f33-25ec744e1216', 16);
INSERT INTO Nauczyciel VALUES('ec4401b0-26cf-4113-a41e-74ef86712c38', 'Sandra', 'Żak', TO_DATE('2002-02-05', 'YYYY-MM-DD'), 'inż.', DEFAULT);
INSERT INTO Konto VALUES('Sandra.Żak', 'nSandraŻak', 1, 'ec4401b0-26cf-4113-a41e-74ef86712c38');
INSERT INTO NauczycielPrzedmiot VALUES ('ec4401b0-26cf-4113-a41e-74ef86712c38', 17);
INSERT INTO NauczycielPrzedmiot VALUES ('ec4401b0-26cf-4113-a41e-74ef86712c38', 18);
INSERT INTO NauczycielPrzedmiot VALUES ('ec4401b0-26cf-4113-a41e-74ef86712c38', 19);
INSERT INTO NauczycielPrzedmiot VALUES ('ec4401b0-26cf-4113-a41e-74ef86712c38', 20);
INSERT INTO NauczycielPrzedmiot VALUES ('ec4401b0-26cf-4113-a41e-74ef86712c38', 21);
INSERT INTO Nauczyciel VALUES('24772e9a-b426-4ccc-b8ea-cbf49fb9e64a', 'Liliana', 'Sikora', TO_DATE('2005-07-01', 'YYYY-MM-DD'), 'inż.', DEFAULT);
INSERT INTO Konto VALUES('Liliana.Sikora', 'nLilianaSikora', 1, '24772e9a-b426-4ccc-b8ea-cbf49fb9e64a');
INSERT INTO NauczycielPrzedmiot VALUES ('24772e9a-b426-4ccc-b8ea-cbf49fb9e64a', 22);
INSERT INTO NauczycielPrzedmiot VALUES ('24772e9a-b426-4ccc-b8ea-cbf49fb9e64a', 23);
INSERT INTO NauczycielPrzedmiot VALUES ('24772e9a-b426-4ccc-b8ea-cbf49fb9e64a', 24);
INSERT INTO NauczycielPrzedmiot VALUES ('24772e9a-b426-4ccc-b8ea-cbf49fb9e64a', 25);
INSERT INTO NauczycielPrzedmiot VALUES ('24772e9a-b426-4ccc-b8ea-cbf49fb9e64a', 26);
INSERT INTO Nauczyciel VALUES('6f4bbc62-8e38-41a3-856b-c3cff2a19ba5', 'Oskar', 'Kozak', TO_DATE('2005-07-04', 'YYYY-MM-DD'), 'inż.', DEFAULT);
INSERT INTO Konto VALUES('Oskar.Kozak', 'nOskarKozak', 1, '6f4bbc62-8e38-41a3-856b-c3cff2a19ba5');
INSERT INTO NauczycielPrzedmiot VALUES ('6f4bbc62-8e38-41a3-856b-c3cff2a19ba5', 27);
INSERT INTO NauczycielPrzedmiot VALUES ('6f4bbc62-8e38-41a3-856b-c3cff2a19ba5', 28);
INSERT INTO NauczycielPrzedmiot VALUES ('6f4bbc62-8e38-41a3-856b-c3cff2a19ba5', 29);
INSERT INTO Nauczyciel VALUES('f8e9d329-21f1-402e-b0f7-88e241ea8f75', 'Nela', 'Skowrońska', TO_DATE('2004-11-11', 'YYYY-MM-DD'), 'inż.', DEFAULT);
INSERT INTO Konto VALUES('Nela.Skowrońska', 'nNelaSkowrońska', 1, 'f8e9d329-21f1-402e-b0f7-88e241ea8f75');
INSERT INTO NauczycielPrzedmiot VALUES ('f8e9d329-21f1-402e-b0f7-88e241ea8f75', 30);
INSERT INTO NauczycielPrzedmiot VALUES ('f8e9d329-21f1-402e-b0f7-88e241ea8f75', 31);
INSERT INTO NauczycielPrzedmiot VALUES ('f8e9d329-21f1-402e-b0f7-88e241ea8f75', 32);
INSERT INTO NauczycielPrzedmiot VALUES ('f8e9d329-21f1-402e-b0f7-88e241ea8f75', 33);
INSERT INTO NauczycielPrzedmiot VALUES ('f8e9d329-21f1-402e-b0f7-88e241ea8f75', 34);
INSERT INTO NauczycielPrzedmiot VALUES ('f8e9d329-21f1-402e-b0f7-88e241ea8f75', 35);
INSERT INTO NauczycielPrzedmiot VALUES ('f8e9d329-21f1-402e-b0f7-88e241ea8f75', 36);
INSERT INTO Nauczyciel VALUES('0682131e-e553-4ce4-a9a1-b08646a251f2', 'Edyta', 'Bednarek', TO_DATE('2017-11-02', 'YYYY-MM-DD'), 'inż.', DEFAULT);
INSERT INTO Konto VALUES('Edyta.Bednarek', 'nEdytaBednarek', 1, '0682131e-e553-4ce4-a9a1-b08646a251f2');
INSERT INTO NauczycielPrzedmiot VALUES ('0682131e-e553-4ce4-a9a1-b08646a251f2', 37);
INSERT INTO NauczycielPrzedmiot VALUES ('0682131e-e553-4ce4-a9a1-b08646a251f2', 38);
INSERT INTO NauczycielPrzedmiot VALUES ('0682131e-e553-4ce4-a9a1-b08646a251f2', 39);
INSERT INTO Nauczyciel VALUES('e2c3042f-d04f-4665-a2f9-b5c7a9ecafa0', 'Sara', 'Tomczyk', TO_DATE('2010-01-14', 'YYYY-MM-DD'), 'mgr', DEFAULT);
INSERT INTO Konto VALUES('Sara.Tomczyk', 'nSaraTomczyk', 1, 'e2c3042f-d04f-4665-a2f9-b5c7a9ecafa0');
INSERT INTO NauczycielPrzedmiot VALUES ('e2c3042f-d04f-4665-a2f9-b5c7a9ecafa0', 40);
INSERT INTO NauczycielPrzedmiot VALUES ('e2c3042f-d04f-4665-a2f9-b5c7a9ecafa0', 41);
INSERT INTO NauczycielPrzedmiot VALUES ('e2c3042f-d04f-4665-a2f9-b5c7a9ecafa0', 42);
INSERT INTO NauczycielPrzedmiot VALUES ('e2c3042f-d04f-4665-a2f9-b5c7a9ecafa0', 43);
INSERT INTO NauczycielPrzedmiot VALUES ('e2c3042f-d04f-4665-a2f9-b5c7a9ecafa0', 44);
INSERT INTO NauczycielPrzedmiot VALUES ('e2c3042f-d04f-4665-a2f9-b5c7a9ecafa0', 45);
INSERT INTO NauczycielPrzedmiot VALUES ('e2c3042f-d04f-4665-a2f9-b5c7a9ecafa0', 46);
INSERT INTO Nauczyciel VALUES('1534f442-35d0-4623-824d-6a8c375bc20d', 'Paweł', 'Janik', TO_DATE('2004-10-21', 'YYYY-MM-DD'), 'inż.', DEFAULT);
INSERT INTO Konto VALUES('Paweł.Janik', 'nPawełJanik', 1, '1534f442-35d0-4623-824d-6a8c375bc20d');
INSERT INTO NauczycielPrzedmiot VALUES ('1534f442-35d0-4623-824d-6a8c375bc20d', 47);
INSERT INTO NauczycielPrzedmiot VALUES ('1534f442-35d0-4623-824d-6a8c375bc20d', 48);
INSERT INTO NauczycielPrzedmiot VALUES ('1534f442-35d0-4623-824d-6a8c375bc20d', 49);
INSERT INTO NauczycielPrzedmiot VALUES ('1534f442-35d0-4623-824d-6a8c375bc20d', 50);
INSERT INTO NauczycielPrzedmiot VALUES ('1534f442-35d0-4623-824d-6a8c375bc20d', 51);
INSERT INTO NauczycielPrzedmiot VALUES ('1534f442-35d0-4623-824d-6a8c375bc20d', 52);
INSERT INTO NauczycielPrzedmiot VALUES ('1534f442-35d0-4623-824d-6a8c375bc20d', 53);
INSERT INTO NauczycielPrzedmiot VALUES ('1534f442-35d0-4623-824d-6a8c375bc20d', 54);
INSERT INTO Nauczyciel VALUES('f14b2fc8-9ff2-49c0-b09d-67896c6e8481', 'Irena', 'Kopeć', TO_DATE('2005-04-17', 'YYYY-MM-DD'), 'inż.', DEFAULT);
INSERT INTO Konto VALUES('Irena.Kopeć', 'nIrenaKopeć', 1, 'f14b2fc8-9ff2-49c0-b09d-67896c6e8481');
INSERT INTO NauczycielPrzedmiot VALUES ('f14b2fc8-9ff2-49c0-b09d-67896c6e8481', 55);
INSERT INTO NauczycielPrzedmiot VALUES ('f14b2fc8-9ff2-49c0-b09d-67896c6e8481', 56);
INSERT INTO NauczycielPrzedmiot VALUES ('f14b2fc8-9ff2-49c0-b09d-67896c6e8481', 57);
INSERT INTO NauczycielPrzedmiot VALUES ('f14b2fc8-9ff2-49c0-b09d-67896c6e8481', 58);
INSERT INTO NauczycielPrzedmiot VALUES ('f14b2fc8-9ff2-49c0-b09d-67896c6e8481', 59);
INSERT INTO NauczycielPrzedmiot VALUES ('f14b2fc8-9ff2-49c0-b09d-67896c6e8481', 60);
INSERT INTO Nauczyciel VALUES('f65e8f8d-2bb2-4a32-b6de-a58fbab773e4', 'Beata', 'Sowa', TO_DATE('2017-11-09', 'YYYY-MM-DD'), 'mgr', DEFAULT);
INSERT INTO Konto VALUES('Beata.Sowa', 'nBeataSowa', 1, 'f65e8f8d-2bb2-4a32-b6de-a58fbab773e4');
INSERT INTO NauczycielPrzedmiot VALUES ('f65e8f8d-2bb2-4a32-b6de-a58fbab773e4', 61);
INSERT INTO NauczycielPrzedmiot VALUES ('f65e8f8d-2bb2-4a32-b6de-a58fbab773e4', 62);
INSERT INTO NauczycielPrzedmiot VALUES ('f65e8f8d-2bb2-4a32-b6de-a58fbab773e4', 63);
INSERT INTO NauczycielPrzedmiot VALUES ('f65e8f8d-2bb2-4a32-b6de-a58fbab773e4', 64);
INSERT INTO NauczycielPrzedmiot VALUES ('f65e8f8d-2bb2-4a32-b6de-a58fbab773e4', 65);
INSERT INTO Nauczyciel VALUES('7f7c3a8f-54cf-421e-bd5b-5d90599db227', 'Joachim', 'Gołębiowski', TO_DATE('2004-04-22', 'YYYY-MM-DD'), 'mgr', DEFAULT);
INSERT INTO Konto VALUES('Joachim.Gołębiowski', 'nJoachimGołębiowski', 1, '7f7c3a8f-54cf-421e-bd5b-5d90599db227');
INSERT INTO NauczycielPrzedmiot VALUES ('7f7c3a8f-54cf-421e-bd5b-5d90599db227', 1);
INSERT INTO NauczycielPrzedmiot VALUES ('7f7c3a8f-54cf-421e-bd5b-5d90599db227', 2);
INSERT INTO NauczycielPrzedmiot VALUES ('7f7c3a8f-54cf-421e-bd5b-5d90599db227', 3);
INSERT INTO NauczycielPrzedmiot VALUES ('7f7c3a8f-54cf-421e-bd5b-5d90599db227', 4);
INSERT INTO NauczycielPrzedmiot VALUES ('7f7c3a8f-54cf-421e-bd5b-5d90599db227', 5);
INSERT INTO NauczycielPrzedmiot VALUES ('7f7c3a8f-54cf-421e-bd5b-5d90599db227', 6);
INSERT INTO Nauczyciel VALUES('b9b3e9d9-9a62-41e4-ad53-dc3c304889c1', 'Zygmunt', 'Czajkowski', TO_DATE('2019-05-08', 'YYYY-MM-DD'), 'inż.', DEFAULT);
INSERT INTO Konto VALUES('Zygmunt.Czajkowski', 'nZygmuntCzajkowski', 1, 'b9b3e9d9-9a62-41e4-ad53-dc3c304889c1');
INSERT INTO NauczycielPrzedmiot VALUES ('b9b3e9d9-9a62-41e4-ad53-dc3c304889c1', 7);
INSERT INTO NauczycielPrzedmiot VALUES ('b9b3e9d9-9a62-41e4-ad53-dc3c304889c1', 8);
INSERT INTO NauczycielPrzedmiot VALUES ('b9b3e9d9-9a62-41e4-ad53-dc3c304889c1', 9);
INSERT INTO NauczycielPrzedmiot VALUES ('b9b3e9d9-9a62-41e4-ad53-dc3c304889c1', 10);
INSERT INTO Nauczyciel VALUES('2b2d2fd7-14cf-4b0b-b4e1-f07c7e6e7785', 'Waldemar', 'Zieliński', TO_DATE('2002-07-17', 'YYYY-MM-DD'), 'inż.', DEFAULT);
INSERT INTO Konto VALUES('Waldemar.Zieliński', 'nWaldemarZieliński', 1, '2b2d2fd7-14cf-4b0b-b4e1-f07c7e6e7785');
INSERT INTO NauczycielPrzedmiot VALUES ('2b2d2fd7-14cf-4b0b-b4e1-f07c7e6e7785', 11);
INSERT INTO NauczycielPrzedmiot VALUES ('2b2d2fd7-14cf-4b0b-b4e1-f07c7e6e7785', 12);
INSERT INTO NauczycielPrzedmiot VALUES ('2b2d2fd7-14cf-4b0b-b4e1-f07c7e6e7785', 13);
INSERT INTO NauczycielPrzedmiot VALUES ('2b2d2fd7-14cf-4b0b-b4e1-f07c7e6e7785', 14);
INSERT INTO NauczycielPrzedmiot VALUES ('2b2d2fd7-14cf-4b0b-b4e1-f07c7e6e7785', 15);
INSERT INTO NauczycielPrzedmiot VALUES ('2b2d2fd7-14cf-4b0b-b4e1-f07c7e6e7785', 16);
INSERT INTO NauczycielPrzedmiot VALUES ('2b2d2fd7-14cf-4b0b-b4e1-f07c7e6e7785', 17);
INSERT INTO Nauczyciel VALUES('3942829d-cb2e-4cce-b48b-9c85adefc2e5', 'Ireneusz', 'Urban', TO_DATE('2009-01-16', 'YYYY-MM-DD'), 'mgr', DEFAULT);
INSERT INTO Konto VALUES('Ireneusz.Urban', 'nIreneuszUrban', 1, '3942829d-cb2e-4cce-b48b-9c85adefc2e5');
INSERT INTO NauczycielPrzedmiot VALUES ('3942829d-cb2e-4cce-b48b-9c85adefc2e5', 18);
INSERT INTO NauczycielPrzedmiot VALUES ('3942829d-cb2e-4cce-b48b-9c85adefc2e5', 19);
INSERT INTO NauczycielPrzedmiot VALUES ('3942829d-cb2e-4cce-b48b-9c85adefc2e5', 20);
INSERT INTO Nauczyciel VALUES('29b2be15-ae2a-4a3f-89bf-2085fa22523f', 'Anastasiia', 'Marcinkowska', TO_DATE('2020-01-04', 'YYYY-MM-DD'), 'mgr', DEFAULT);
INSERT INTO Konto VALUES('Anastasiia.Marcinkowska', 'nAnastasiiaMarcinkowska', 1, '29b2be15-ae2a-4a3f-89bf-2085fa22523f');
INSERT INTO NauczycielPrzedmiot VALUES ('29b2be15-ae2a-4a3f-89bf-2085fa22523f', 21);
INSERT INTO NauczycielPrzedmiot VALUES ('29b2be15-ae2a-4a3f-89bf-2085fa22523f', 22);
INSERT INTO NauczycielPrzedmiot VALUES ('29b2be15-ae2a-4a3f-89bf-2085fa22523f', 23);
INSERT INTO NauczycielPrzedmiot VALUES ('29b2be15-ae2a-4a3f-89bf-2085fa22523f', 24);
INSERT INTO NauczycielPrzedmiot VALUES ('29b2be15-ae2a-4a3f-89bf-2085fa22523f', 25);
INSERT INTO NauczycielPrzedmiot VALUES ('29b2be15-ae2a-4a3f-89bf-2085fa22523f', 26);
INSERT INTO NauczycielPrzedmiot VALUES ('29b2be15-ae2a-4a3f-89bf-2085fa22523f', 27);
INSERT INTO NauczycielPrzedmiot VALUES ('29b2be15-ae2a-4a3f-89bf-2085fa22523f', 28);
INSERT INTO Nauczyciel VALUES('4de13136-1192-4646-b789-e444163281bb', 'Blanka', 'Jasińska', TO_DATE('2008-02-14', 'YYYY-MM-DD'), 'mgr', DEFAULT);
INSERT INTO Konto VALUES('Blanka.Jasińska', 'nBlankaJasińska', 1, '4de13136-1192-4646-b789-e444163281bb');
INSERT INTO NauczycielPrzedmiot VALUES ('4de13136-1192-4646-b789-e444163281bb', 29);
INSERT INTO NauczycielPrzedmiot VALUES ('4de13136-1192-4646-b789-e444163281bb', 30);
INSERT INTO NauczycielPrzedmiot VALUES ('4de13136-1192-4646-b789-e444163281bb', 31);
INSERT INTO NauczycielPrzedmiot VALUES ('4de13136-1192-4646-b789-e444163281bb', 32);
INSERT INTO NauczycielPrzedmiot VALUES ('4de13136-1192-4646-b789-e444163281bb', 33);
INSERT INTO NauczycielPrzedmiot VALUES ('4de13136-1192-4646-b789-e444163281bb', 34);
INSERT INTO NauczycielPrzedmiot VALUES ('4de13136-1192-4646-b789-e444163281bb', 35);
INSERT INTO NauczycielPrzedmiot VALUES ('4de13136-1192-4646-b789-e444163281bb', 36);
INSERT INTO Nauczyciel VALUES('cb1cd1e9-c97c-4844-9359-272c39d8289a', 'Aleksandra', 'Szczepańska', TO_DATE('2011-07-27', 'YYYY-MM-DD'), 'mgr', DEFAULT);
INSERT INTO Konto VALUES('Aleksandra.Szczepańska', 'nAleksandraSzczepańska', 1, 'cb1cd1e9-c97c-4844-9359-272c39d8289a');
INSERT INTO NauczycielPrzedmiot VALUES ('cb1cd1e9-c97c-4844-9359-272c39d8289a', 37);
INSERT INTO NauczycielPrzedmiot VALUES ('cb1cd1e9-c97c-4844-9359-272c39d8289a', 38);
INSERT INTO NauczycielPrzedmiot VALUES ('cb1cd1e9-c97c-4844-9359-272c39d8289a', 39);
INSERT INTO NauczycielPrzedmiot VALUES ('cb1cd1e9-c97c-4844-9359-272c39d8289a', 40);
INSERT INTO NauczycielPrzedmiot VALUES ('cb1cd1e9-c97c-4844-9359-272c39d8289a', 41);
INSERT INTO NauczycielPrzedmiot VALUES ('cb1cd1e9-c97c-4844-9359-272c39d8289a', 42);
INSERT INTO NauczycielPrzedmiot VALUES ('cb1cd1e9-c97c-4844-9359-272c39d8289a', 43);
INSERT INTO NauczycielPrzedmiot VALUES ('cb1cd1e9-c97c-4844-9359-272c39d8289a', 44);
INSERT INTO Nauczyciel VALUES('ced63ff6-602d-4db4-9667-d11bcf33c4cd', 'Józef', 'Godlewski', TO_DATE('2014-02-25', 'YYYY-MM-DD'), 'mgr', DEFAULT);
INSERT INTO Konto VALUES('Józef.Godlewski', 'nJózefGodlewski', 1, 'ced63ff6-602d-4db4-9667-d11bcf33c4cd');
INSERT INTO NauczycielPrzedmiot VALUES ('ced63ff6-602d-4db4-9667-d11bcf33c4cd', 45);
INSERT INTO NauczycielPrzedmiot VALUES ('ced63ff6-602d-4db4-9667-d11bcf33c4cd', 46);
INSERT INTO NauczycielPrzedmiot VALUES ('ced63ff6-602d-4db4-9667-d11bcf33c4cd', 47);
INSERT INTO NauczycielPrzedmiot VALUES ('ced63ff6-602d-4db4-9667-d11bcf33c4cd', 48);
INSERT INTO NauczycielPrzedmiot VALUES ('ced63ff6-602d-4db4-9667-d11bcf33c4cd', 49);
INSERT INTO NauczycielPrzedmiot VALUES ('ced63ff6-602d-4db4-9667-d11bcf33c4cd', 50);
INSERT INTO NauczycielPrzedmiot VALUES ('ced63ff6-602d-4db4-9667-d11bcf33c4cd', 51);
INSERT INTO NauczycielPrzedmiot VALUES ('ced63ff6-602d-4db4-9667-d11bcf33c4cd', 52);
INSERT INTO Nauczyciel VALUES('f7aff4a7-b087-4a8a-817a-0068df1f804e', 'Norbert', 'Nowak', TO_DATE('2012-05-04', 'YYYY-MM-DD'), 'mgr', DEFAULT);
INSERT INTO Konto VALUES('Norbert.Nowak', 'nNorbertNowak', 1, 'f7aff4a7-b087-4a8a-817a-0068df1f804e');
INSERT INTO NauczycielPrzedmiot VALUES ('f7aff4a7-b087-4a8a-817a-0068df1f804e', 53);
INSERT INTO NauczycielPrzedmiot VALUES ('f7aff4a7-b087-4a8a-817a-0068df1f804e', 54);
INSERT INTO NauczycielPrzedmiot VALUES ('f7aff4a7-b087-4a8a-817a-0068df1f804e', 55);
INSERT INTO Nauczyciel VALUES('c2a9dca6-1757-403d-9415-f496c4e03af7', 'Michalina', 'Stefaniak', TO_DATE('2000-01-25', 'YYYY-MM-DD'), 'inż.', DEFAULT);
INSERT INTO Konto VALUES('Michalina.Stefaniak', 'nMichalinaStefaniak', 1, 'c2a9dca6-1757-403d-9415-f496c4e03af7');
INSERT INTO NauczycielPrzedmiot VALUES ('c2a9dca6-1757-403d-9415-f496c4e03af7', 56);
INSERT INTO NauczycielPrzedmiot VALUES ('c2a9dca6-1757-403d-9415-f496c4e03af7', 57);
INSERT INTO NauczycielPrzedmiot VALUES ('c2a9dca6-1757-403d-9415-f496c4e03af7', 58);
INSERT INTO NauczycielPrzedmiot VALUES ('c2a9dca6-1757-403d-9415-f496c4e03af7', 59);
INSERT INTO NauczycielPrzedmiot VALUES ('c2a9dca6-1757-403d-9415-f496c4e03af7', 60);
INSERT INTO Nauczyciel VALUES('38f11bb2-1f70-406d-b5c0-ffdd0235090c', 'Nela', 'Tomczak', TO_DATE('2021-08-18', 'YYYY-MM-DD'), 'inż.', DEFAULT);
INSERT INTO Konto VALUES('Nela.Tomczak', 'nNelaTomczak', 1, '38f11bb2-1f70-406d-b5c0-ffdd0235090c');
INSERT INTO NauczycielPrzedmiot VALUES ('38f11bb2-1f70-406d-b5c0-ffdd0235090c', 61);
INSERT INTO NauczycielPrzedmiot VALUES ('38f11bb2-1f70-406d-b5c0-ffdd0235090c', 62);
INSERT INTO NauczycielPrzedmiot VALUES ('38f11bb2-1f70-406d-b5c0-ffdd0235090c', 63);
INSERT INTO NauczycielPrzedmiot VALUES ('38f11bb2-1f70-406d-b5c0-ffdd0235090c', 64);
INSERT INTO Nauczyciel VALUES('19cada89-1f86-4ac4-8e82-341b9d1af109', 'Antoni', 'Jastrzębski', TO_DATE('2012-02-07', 'YYYY-MM-DD'), 'mgr', DEFAULT);
INSERT INTO Konto VALUES('Antoni.Jastrzębski', 'nAntoniJastrzębski', 1, '19cada89-1f86-4ac4-8e82-341b9d1af109');
INSERT INTO NauczycielPrzedmiot VALUES ('19cada89-1f86-4ac4-8e82-341b9d1af109', 1);
INSERT INTO NauczycielPrzedmiot VALUES ('19cada89-1f86-4ac4-8e82-341b9d1af109', 2);
INSERT INTO NauczycielPrzedmiot VALUES ('19cada89-1f86-4ac4-8e82-341b9d1af109', 3);
INSERT INTO NauczycielPrzedmiot VALUES ('19cada89-1f86-4ac4-8e82-341b9d1af109', 4);
INSERT INTO NauczycielPrzedmiot VALUES ('19cada89-1f86-4ac4-8e82-341b9d1af109', 5);
INSERT INTO NauczycielPrzedmiot VALUES ('19cada89-1f86-4ac4-8e82-341b9d1af109', 6);
INSERT INTO Nauczyciel VALUES('1cdb0e36-3bad-4c82-b3dd-d7e5033f6fe9', 'Regina', 'Sroka', TO_DATE('2012-05-31', 'YYYY-MM-DD'), 'mgr', DEFAULT);
INSERT INTO Konto VALUES('Regina.Sroka', 'nReginaSroka', 1, '1cdb0e36-3bad-4c82-b3dd-d7e5033f6fe9');
INSERT INTO NauczycielPrzedmiot VALUES ('1cdb0e36-3bad-4c82-b3dd-d7e5033f6fe9', 7);
INSERT INTO NauczycielPrzedmiot VALUES ('1cdb0e36-3bad-4c82-b3dd-d7e5033f6fe9', 8);
INSERT INTO NauczycielPrzedmiot VALUES ('1cdb0e36-3bad-4c82-b3dd-d7e5033f6fe9', 9);
INSERT INTO NauczycielPrzedmiot VALUES ('1cdb0e36-3bad-4c82-b3dd-d7e5033f6fe9', 10);
INSERT INTO NauczycielPrzedmiot VALUES ('1cdb0e36-3bad-4c82-b3dd-d7e5033f6fe9', 11);
INSERT INTO NauczycielPrzedmiot VALUES ('1cdb0e36-3bad-4c82-b3dd-d7e5033f6fe9', 12);
INSERT INTO NauczycielPrzedmiot VALUES ('1cdb0e36-3bad-4c82-b3dd-d7e5033f6fe9', 13);