INSERT INTO Konto VALUES ('Maciek', '1234', 0, 'Ujeden');
INSERT INTO Konto VALUES ('Pawel', '1234', 1, 'Njeden');
INSERT INTO Uczen VALUES ('Ujeden', DEFAULT, 'Maciek', 'Bandura','12345678998', TO_DATE('2011/05/16', 'yyyy/mm/dd'),'Kielce', '0');
INSERT INTO Uczen VALUES ('Udwa', DEFAULT,  'Marcin', 'Ślusarczyk','12345678998', TO_DATE('2014/11/21', 'yyyy/mm/dd'),'Kielce', '0');
INSERT INTO Nauczyciel VALUES ('Njeden', 'Paweł','Paduch', DEFAULT, 'dr', DEFAULT); 
INSERT INTO Nauczyciel VALUES ('Ndwa', 'Adam','Krechowicz', DEFAULT, 'dr', DEFAULT); 
INSERT INTO sesja VALUES ('TOKEN213769',CURRENT_TIMESTAMP, 'Djeden', 3);
INSERT INTO sesja VALUES ('TOKEN21376958',TO_TIMESTAMP('2022-11-18 10:25:31', 'YYYY-MM-DD HH24:MI:SS'), 'Ujeden', 0);
INSERT INTO Przedmiot VALUES (DEFAULT, 'Edukacja Wczesnoszkolna', 1, 16, DEFAULT);
INSERT INTO Przedmiot VALUES (DEFAULT, 'Edukacja Wczesnoszkolna', 2, 16, DEFAULT);
INSERT INTO Przedmiot VALUES (DEFAULT, 'Edukacja Wczesnoszkolna', 3, 17, DEFAULT);
INSERT INTO Przedmiot VALUES (DEFAULT, 'Język polski', 4, 5, DEFAULT);
INSERT INTO Przedmiot VALUES (DEFAULT, 'Język polski', 5, 4, DEFAULT);
INSERT INTO Przedmiot VALUES (DEFAULT, 'Język polski', 6, 5, DEFAULT);
INSERT INTO Przedmiot VALUES (DEFAULT, 'Język polski', 7, 5, DEFAULT);
INSERT INTO Przedmiot VALUES (DEFAULT, 'Język polski', 8, 5, DEFAULT);
INSERT INTO Przedmiot VALUES (DEFAULT, 'Język angielski', 1, 1, DEFAULT);
INSERT INTO Przedmiot VALUES (DEFAULT, 'Język angielski', 2, 1, DEFAULT);
INSERT INTO Przedmiot VALUES (DEFAULT, 'Język angielski', 3, 1, DEFAULT);
INSERT INTO Przedmiot VALUES (DEFAULT, 'Język angielski', 4, 3, DEFAULT);
INSERT INTO Przedmiot VALUES (DEFAULT, 'Język angielski', 5, 3, DEFAULT);
INSERT INTO Przedmiot VALUES (DEFAULT, 'Język angielski', 6, 3, DEFAULT);
INSERT INTO Przedmiot VALUES (DEFAULT, 'Język angielski', 7, 3, DEFAULT);
INSERT INTO Przedmiot VALUES (DEFAULT, 'Język angielski', 8, 3, DEFAULT);
INSERT INTO Przedmiot VALUES (DEFAULT, 'Język niemiecki', 8, 2, DEFAULT);
INSERT INTO Przedmiot VALUES (DEFAULT, 'Matematyka', 4, 4, DEFAULT);
INSERT INTO Przedmiot VALUES (DEFAULT, 'Matematyka', 5, 4, DEFAULT);
INSERT INTO Przedmiot VALUES (DEFAULT, 'Matematyka', 6, 4, DEFAULT);
INSERT INTO Przedmiot VALUES (DEFAULT, 'Matematyka', 7, 4, DEFAULT);
INSERT INTO Przedmiot VALUES (DEFAULT, 'Matematyka', 8, 4, DEFAULT);
INSERT INTO Przedmiot VALUES (DEFAULT, 'Informatyka', 4, 1, DEFAULT);
INSERT INTO Przedmiot VALUES (DEFAULT, 'Informatyka', 5, 1, DEFAULT);
INSERT INTO Przedmiot VALUES (DEFAULT, 'Informatyka', 6, 1, DEFAULT);
INSERT INTO Przedmiot VALUES (DEFAULT, 'Informatyka', 7, 1, DEFAULT);
INSERT INTO Przedmiot VALUES (DEFAULT, 'Informatyka', 8, 1, DEFAULT);
INSERT INTO Przedmiot VALUES (DEFAULT, 'Technika', 4, 1, DEFAULT);
INSERT INTO Przedmiot VALUES (DEFAULT, 'Technika', 5, 1, DEFAULT);
INSERT INTO Przedmiot VALUES (DEFAULT, 'Technika', 6, 1, DEFAULT);
INSERT INTO Przedmiot VALUES (DEFAULT, 'Historia', 4, 1, DEFAULT);
INSERT INTO Przedmiot VALUES (DEFAULT, 'Historia', 5, 2, DEFAULT);
INSERT INTO Przedmiot VALUES (DEFAULT, 'Historia', 6, 2, DEFAULT);
INSERT INTO Przedmiot VALUES (DEFAULT, 'Historia', 7, 2, DEFAULT);
INSERT INTO Przedmiot VALUES (DEFAULT, 'Historia', 8, 2, DEFAULT);
INSERT INTO Przedmiot VALUES (DEFAULT, 'Przyroda', 4, 1, DEFAULT);
INSERT INTO Przedmiot VALUES (DEFAULT, 'Muzyka', 4, 1, DEFAULT);
INSERT INTO Przedmiot VALUES (DEFAULT, 'Muzyka', 5, 1, DEFAULT);
INSERT INTO Przedmiot VALUES (DEFAULT, 'Muzyka', 6, 1, DEFAULT);
INSERT INTO Przedmiot VALUES (DEFAULT, 'Muzyka', 7, 1, DEFAULT);
INSERT INTO Przedmiot VALUES (DEFAULT, 'Plastyka', 4, 1, DEFAULT);
INSERT INTO Przedmiot VALUES (DEFAULT, 'Plastyka', 5, 1, DEFAULT);
INSERT INTO Przedmiot VALUES (DEFAULT, 'Plastyka', 6, 1, DEFAULT);
INSERT INTO Przedmiot VALUES (DEFAULT, 'Plastyka', 7, 1, DEFAULT);
INSERT INTO Przedmiot VALUES (DEFAULT, 'Wychowanie fizyczne', 4, 4, DEFAULT);
INSERT INTO Przedmiot VALUES (DEFAULT, 'Wychowanie fizyczne', 5, 4, DEFAULT);
INSERT INTO Przedmiot VALUES (DEFAULT, 'Wychowanie fizyczne', 6, 4, DEFAULT);
INSERT INTO Przedmiot VALUES (DEFAULT, 'Wychowanie fizyczne', 7, 4, DEFAULT);
INSERT INTO Przedmiot VALUES (DEFAULT, 'Wychowanie fizyczne', 8, 4, DEFAULT);
INSERT INTO Przedmiot VALUES (DEFAULT, 'Geografia', 5, 1, DEFAULT);
INSERT INTO Przedmiot VALUES (DEFAULT, 'Biologia', 5, 1, DEFAULT);
INSERT INTO Przedmiot VALUES (DEFAULT, 'Geografia', 6, 1, DEFAULT);
INSERT INTO Przedmiot VALUES (DEFAULT, 'Biologia', 6, 1, DEFAULT);
INSERT INTO Przedmiot VALUES (DEFAULT, 'Geografia', 7, 2, DEFAULT);
INSERT INTO Przedmiot VALUES (DEFAULT, 'Geografia', 7, 1, DEFAULT);
INSERT INTO Przedmiot VALUES (DEFAULT, 'Biologia', 7, 2, DEFAULT);
INSERT INTO Przedmiot VALUES (DEFAULT, 'Biologia', 8, 1, DEFAULT);
INSERT INTO Przedmiot VALUES (DEFAULT, 'Chemia', 7, 2, DEFAULT);
INSERT INTO Przedmiot VALUES (DEFAULT, 'Chemia', 8, 2, DEFAULT);
INSERT INTO Przedmiot VALUES (DEFAULT, 'Fizyka', 7, 2, DEFAULT);
INSERT INTO Przedmiot VALUES (DEFAULT, 'Fizyka', 8, 2, DEFAULT);
INSERT INTO Przedmiot VALUES (DEFAULT, 'Edukacja dla bezpieczeństwa', 7, 1, DEFAULT);
INSERT INTO Przedmiot VALUES (DEFAULT, 'Edukacja dla bezpieczeństwa', 8, 1, DEFAULT);
INSERT INTO Przedmiot VALUES (DEFAULT, 'Wiedza o spoeczeństwie', 8, 1, DEFAULT);
INSERT INTO NauczycielPrzedmiot VALUES ('Njeden', 1);
INSERT INTO NauczycielPrzedmiot VALUES ('Njeden', 2);
INSERT INTO Uczen VALUES('fa897c23-bbf1-467d-b678-065aa157d000', DEFAULT, 'Mirosława', 'Konieczna', '24971359713', TO_DATE('2016-04-18', 'YYYY-MM-DD'), 'Kielce', DEFAULT);
INSERT INTO Konto VALUES('Mirosława.Konieczna', '24971359713', 0, 'fa897c23-bbf1-467d-b678-065aa157d000');
INSERT INTO Uczen VALUES('c44fb995-3649-487b-8ea4-3c7920617559', DEFAULT, 'Nina', 'Dąbrowska', '13951768222', TO_DATE('2015-05-20', 'YYYY-MM-DD'), 'Kielce', DEFAULT);
INSERT INTO Konto VALUES('Nina.Dąbrowska', '13951768222', 0, 'c44fb995-3649-487b-8ea4-3c7920617559');
INSERT INTO Uczen VALUES('a51e0a54-edc3-47b4-b103-f8e4e8f7b8c4', DEFAULT, 'Gabriel', 'Rudnicki', '44943146181', TO_DATE('2011-04-20', 'YYYY-MM-DD'), 'Warszawa', DEFAULT);
INSERT INTO Konto VALUES('Gabriel.Rudnicki', '44943146181', 0, 'a51e0a54-edc3-47b4-b103-f8e4e8f7b8c4');
INSERT INTO Uczen VALUES('10a6295f-bffd-4404-9430-3f2d408c8bec', DEFAULT, 'Volodymyr', 'Górka', '26699600153', TO_DATE('2012-10-01', 'YYYY-MM-DD'), 'Wrocław', DEFAULT);
INSERT INTO Konto VALUES('Volodymyr.Górka', '26699600153', 0, '10a6295f-bffd-4404-9430-3f2d408c8bec');
INSERT INTO Uczen VALUES('b937ea82-0d88-45af-97e9-42fe8d86f67f', DEFAULT, 'Rafał', 'Serafin', '35851746447', TO_DATE('2008-09-13', 'YYYY-MM-DD'), 'Kielce', DEFAULT);
INSERT INTO Konto VALUES('Rafał.Serafin', '35851746447', 0, 'b937ea82-0d88-45af-97e9-42fe8d86f67f');
INSERT INTO Uczen VALUES('81432c3f-57c3-4362-8b33-59321f47b36f', DEFAULT, 'Dariusz', 'Śliwiński', '29638412911', TO_DATE('2016-12-09', 'YYYY-MM-DD'), 'Końskie', DEFAULT);
INSERT INTO Konto VALUES('Dariusz.Śliwiński', '29638412911', 0, '81432c3f-57c3-4362-8b33-59321f47b36f');
INSERT INTO Uczen VALUES('773413f0-bd58-4f68-9580-81e065c876c8', DEFAULT, 'Dominik', 'Matysiak', '75096708237', TO_DATE('2011-02-22', 'YYYY-MM-DD'), 'Wrocław', DEFAULT);
INSERT INTO Konto VALUES('Dominik.Matysiak', '75096708237', 0, '773413f0-bd58-4f68-9580-81e065c876c8');
INSERT INTO Uczen VALUES('620d46b0-9ebc-4baa-a1ff-e3d0664e56f4', DEFAULT, 'Sylwester', 'Kamiński', '39019739372', TO_DATE('2010-01-12', 'YYYY-MM-DD'), 'Końskie', DEFAULT);
INSERT INTO Konto VALUES('Sylwester.Kamiński', '39019739372', 0, '620d46b0-9ebc-4baa-a1ff-e3d0664e56f4');
INSERT INTO Uczen VALUES('92372e2a-e53f-43c7-bcc7-7afd566371fd', DEFAULT, 'Lena', 'Jabłońska', '35832566983', TO_DATE('2012-12-20', 'YYYY-MM-DD'), 'Poznań', DEFAULT);
INSERT INTO Konto VALUES('Lena.Jabłońska', '35832566983', 0, '92372e2a-e53f-43c7-bcc7-7afd566371fd');
INSERT INTO Uczen VALUES('d1cd8a3a-a642-4888-8f0c-c5dd22feb4cb', DEFAULT, 'Bronisław', 'Domański', '10399324243', TO_DATE('2013-09-01', 'YYYY-MM-DD'), 'Wrocław', DEFAULT);
INSERT INTO Konto VALUES('Bronisław.Domański', '10399324243', 0, 'd1cd8a3a-a642-4888-8f0c-c5dd22feb4cb');
INSERT INTO Uczen VALUES('1c4ae44a-f903-4a10-93be-2d6b1eeada94', DEFAULT, 'Zdzisław', 'Włodarczyk', '31433112311', TO_DATE('2011-09-15', 'YYYY-MM-DD'), 'Kielce', DEFAULT);
INSERT INTO Konto VALUES('Zdzisław.Włodarczyk', '31433112311', 0, '1c4ae44a-f903-4a10-93be-2d6b1eeada94');
INSERT INTO Uczen VALUES('24d9e3ba-dbc1-4e20-9d3f-dd2df093e98b', DEFAULT, 'Bartosz', 'Orzechowski', '41755228327', TO_DATE('2015-03-29', 'YYYY-MM-DD'), 'Kielce', DEFAULT);
INSERT INTO Konto VALUES('Bartosz.Orzechowski', '41755228327', 0, '24d9e3ba-dbc1-4e20-9d3f-dd2df093e98b');
INSERT INTO Uczen VALUES('d97cdf0d-939f-4f87-a08b-3ed6b9fb4b23', DEFAULT, 'Antoni', 'Górka', '55676032834', TO_DATE('2011-03-05', 'YYYY-MM-DD'), 'Kielce', DEFAULT);
INSERT INTO Konto VALUES('Antoni.Górka', '55676032834', 0, 'd97cdf0d-939f-4f87-a08b-3ed6b9fb4b23');
INSERT INTO Uczen VALUES('8d7ca3b1-e7dd-41ed-98a4-71b33a420b38', DEFAULT, 'Krzysztof', 'Pawlak', '58169799640', TO_DATE('2012-09-15', 'YYYY-MM-DD'), 'Łódź', DEFAULT);
INSERT INTO Konto VALUES('Krzysztof.Pawlak', '58169799640', 0, '8d7ca3b1-e7dd-41ed-98a4-71b33a420b38');
INSERT INTO Uczen VALUES('9103068d-3632-42cd-8724-9a42069dbe1b', DEFAULT, 'Henryka', 'Przybysz', '86473399055', TO_DATE('2014-06-20', 'YYYY-MM-DD'), 'Kielce', DEFAULT);
INSERT INTO Konto VALUES('Henryka.Przybysz', '86473399055', 0, '9103068d-3632-42cd-8724-9a42069dbe1b');
INSERT INTO Uczen VALUES('de7f5df7-6986-4985-b84d-fb1239e55480', DEFAULT, 'Liudmyla', 'Wojciechowska', '07997974713', TO_DATE('2013-07-01', 'YYYY-MM-DD'), 'Katowice', DEFAULT);
INSERT INTO Konto VALUES('Liudmyla.Wojciechowska', '07997974713', 0, 'de7f5df7-6986-4985-b84d-fb1239e55480');
INSERT INTO Uczen VALUES('ab580f31-3b3f-4c9f-8af4-d5f5ba0f4355', DEFAULT, 'Leokadia', 'Zych', '41022848664', TO_DATE('2011-07-18', 'YYYY-MM-DD'), 'Warszawa', DEFAULT);
INSERT INTO Konto VALUES('Leokadia.Zych', '41022848664', 0, 'ab580f31-3b3f-4c9f-8af4-d5f5ba0f4355');
INSERT INTO Uczen VALUES('90dc1718-254e-4ec2-9133-4c4452d9b377', DEFAULT, 'Karina', 'Grzybowska', '56684552310', TO_DATE('2013-12-23', 'YYYY-MM-DD'), 'Warszawa', DEFAULT);
INSERT INTO Konto VALUES('Karina.Grzybowska', '56684552310', 0, '90dc1718-254e-4ec2-9133-4c4452d9b377');
INSERT INTO Uczen VALUES('68969813-6c52-4022-a40d-50950384b761', DEFAULT, 'Tymon', 'Markowski', '66741342643', TO_DATE('2015-03-17', 'YYYY-MM-DD'), 'Kielce', DEFAULT);
INSERT INTO Konto VALUES('Tymon.Markowski', '66741342643', 0, '68969813-6c52-4022-a40d-50950384b761');
INSERT INTO Uczen VALUES('4ecca810-63e8-4067-b3a5-12a0360b9407', DEFAULT, 'Tymoteusz', 'Marszałek', '98219332672', TO_DATE('2012-08-18', 'YYYY-MM-DD'), 'Końskie', DEFAULT);
INSERT INTO Konto VALUES('Tymoteusz.Marszałek', '98219332672', 0, '4ecca810-63e8-4067-b3a5-12a0360b9407');
INSERT INTO Uczen VALUES('4cf58bd8-edb3-4f1a-a8c9-c57646b1a6ea', DEFAULT, 'Bogusława', 'Sobczak', '86290437133', TO_DATE('2011-09-16', 'YYYY-MM-DD'), 'Kielce', DEFAULT);
INSERT INTO Konto VALUES('Bogusława.Sobczak', '86290437133', 0, '4cf58bd8-edb3-4f1a-a8c9-c57646b1a6ea');
INSERT INTO Uczen VALUES('537c3b4f-0ac4-46fe-a104-e611f966d55f', DEFAULT, 'Bronisława', 'Klimczak', '41274040118', TO_DATE('2014-06-20', 'YYYY-MM-DD'), 'Kielce', DEFAULT);
INSERT INTO Konto VALUES('Bronisława.Klimczak', '41274040118', 0, '537c3b4f-0ac4-46fe-a104-e611f966d55f');
INSERT INTO Uczen VALUES('adcf05e8-17ff-41be-a948-c226e4afe9f5', DEFAULT, 'Mieczysław', 'Milewski', '98469817719', TO_DATE('2009-09-13', 'YYYY-MM-DD'), 'Opatów', DEFAULT);
INSERT INTO Konto VALUES('Mieczysław.Milewski', '98469817719', 0, 'adcf05e8-17ff-41be-a948-c226e4afe9f5');
INSERT INTO Uczen VALUES('2a4c3e0f-15aa-4f7d-a0be-461c445362eb', DEFAULT, 'Seweryn', 'Tomczyk', '59780016983', TO_DATE('2013-08-02', 'YYYY-MM-DD'), 'Łódź', DEFAULT);
INSERT INTO Konto VALUES('Seweryn.Tomczyk', '59780016983', 0, '2a4c3e0f-15aa-4f7d-a0be-461c445362eb');
INSERT INTO Uczen VALUES('b3a367d9-9f04-43ba-9369-61d75b794e7a', DEFAULT, 'Piotr', 'Czyż', '24229858487', TO_DATE('2010-10-10', 'YYYY-MM-DD'), 'Kielce', DEFAULT);
INSERT INTO Konto VALUES('Piotr.Czyż', '24229858487', 0, 'b3a367d9-9f04-43ba-9369-61d75b794e7a');
INSERT INTO Uczen VALUES('2efebd27-75f1-4df1-bcdf-df09a8a99709', DEFAULT, 'Łukasz', 'Skowroński', '93851276754', TO_DATE('2015-07-27', 'YYYY-MM-DD'), 'Kielce', DEFAULT);
INSERT INTO Konto VALUES('Łukasz.Skowroński', '93851276754', 0, '2efebd27-75f1-4df1-bcdf-df09a8a99709');
INSERT INTO Uczen VALUES('2008f450-a16d-4835-820b-1d01763a92d9', DEFAULT, 'Eugenia', 'Nowakowska', '41827388371', TO_DATE('2010-11-29', 'YYYY-MM-DD'), 'Wrocław', DEFAULT);
INSERT INTO Konto VALUES('Eugenia.Nowakowska', '41827388371', 0, '2008f450-a16d-4835-820b-1d01763a92d9');
INSERT INTO Uczen VALUES('301a5187-3edd-489b-830a-62f95a54300c', DEFAULT, 'Rafał', 'Kot', '17196883764', TO_DATE('2014-08-02', 'YYYY-MM-DD'), 'Kielce', DEFAULT);
INSERT INTO Konto VALUES('Rafał.Kot', '17196883764', 0, '301a5187-3edd-489b-830a-62f95a54300c');
INSERT INTO Uczen VALUES('83010fa0-d3e4-460b-8193-d4d0d3c1bf7b', DEFAULT, 'Bogusława', 'Pawlik', '15840809027', TO_DATE('2012-12-20', 'YYYY-MM-DD'), 'Kielce', DEFAULT);
INSERT INTO Konto VALUES('Bogusława.Pawlik', '15840809027', 0, '83010fa0-d3e4-460b-8193-d4d0d3c1bf7b');
INSERT INTO Uczen VALUES('49da1a3c-901d-4ab6-9b40-ba3966400a73', DEFAULT, 'Daria', 'Dąbrowska', '11095836596', TO_DATE('2009-08-23', 'YYYY-MM-DD'), 'Kielce', DEFAULT);
INSERT INTO Konto VALUES('Daria.Dąbrowska', '11095836596', 0, '49da1a3c-901d-4ab6-9b40-ba3966400a73');
INSERT INTO Uczen VALUES('4863cb08-92a7-4e48-b2f6-71a48ee37d12', DEFAULT, 'Brygida', 'Baranowska', '24733608827', TO_DATE('2013-08-26', 'YYYY-MM-DD'), 'Końskie', DEFAULT);
INSERT INTO Konto VALUES('Brygida.Baranowska', '24733608827', 0, '4863cb08-92a7-4e48-b2f6-71a48ee37d12');
INSERT INTO Uczen VALUES('06b7e8ab-fa4c-47d8-8311-9862b0972845', DEFAULT, 'Kamila', 'Wróblewska', '66831742542', TO_DATE('2015-12-14', 'YYYY-MM-DD'), 'Warszawa', DEFAULT);
INSERT INTO Konto VALUES('Kamila.Wróblewska', '66831742542', 0, '06b7e8ab-fa4c-47d8-8311-9862b0972845');
INSERT INTO Uczen VALUES('d44e2edb-876e-4006-98ed-cabc7783bbe8', DEFAULT, 'Celina', 'Madej', '79664332819', TO_DATE('2008-04-20', 'YYYY-MM-DD'), 'Końskie', DEFAULT);
INSERT INTO Konto VALUES('Celina.Madej', '79664332819', 0, 'd44e2edb-876e-4006-98ed-cabc7783bbe8');
INSERT INTO Uczen VALUES('cf16aec6-7abc-4828-a797-4c2bad0dd9d4', DEFAULT, 'Albert', 'Urban', '25602699392', TO_DATE('2012-03-26', 'YYYY-MM-DD'), 'Katowice', DEFAULT);
INSERT INTO Konto VALUES('Albert.Urban', '25602699392', 0, 'cf16aec6-7abc-4828-a797-4c2bad0dd9d4');
INSERT INTO Uczen VALUES('49fa9153-95ff-4504-b825-19cc930b7b1e', DEFAULT, 'Daniela', 'Malinowska', '21460153647', TO_DATE('2011-09-27', 'YYYY-MM-DD'), 'Ostrowiec Świętokrzyski', DEFAULT);
INSERT INTO Konto VALUES('Daniela.Malinowska', '21460153647', 0, '49fa9153-95ff-4504-b825-19cc930b7b1e');
INSERT INTO Uczen VALUES('387a6744-a9b3-498e-a9f6-de70fdbdc2e0', DEFAULT, 'Eryk', 'Górecki', '11706428373', TO_DATE('2012-06-05', 'YYYY-MM-DD'), 'Warszawa', DEFAULT);
INSERT INTO Konto VALUES('Eryk.Górecki', '11706428373', 0, '387a6744-a9b3-498e-a9f6-de70fdbdc2e0');
INSERT INTO Uczen VALUES('863cf256-4e99-4604-8fd1-68ab6454b4bf', DEFAULT, 'Beata', 'Kaczmarczyk', '04903249486', TO_DATE('2015-08-09', 'YYYY-MM-DD'), 'Łódź', DEFAULT);
INSERT INTO Konto VALUES('Beata.Kaczmarczyk', '04903249486', 0, '863cf256-4e99-4604-8fd1-68ab6454b4bf');
INSERT INTO Uczen VALUES('c159aff8-c5b3-4769-88dd-984728e5b595', DEFAULT, 'Marcin', 'Skowroński', '69330711815', TO_DATE('2016-11-26', 'YYYY-MM-DD'), 'Kielce', DEFAULT);
INSERT INTO Konto VALUES('Marcin.Skowroński', '69330711815', 0, 'c159aff8-c5b3-4769-88dd-984728e5b595');
INSERT INTO Uczen VALUES('a7f8dbaa-0e78-464e-adcc-baf63b818a98', DEFAULT, 'Diana', 'Stefaniak', '38113560411', TO_DATE('2009-08-10', 'YYYY-MM-DD'), 'Kielce', DEFAULT);
INSERT INTO Konto VALUES('Diana.Stefaniak', '38113560411', 0, 'a7f8dbaa-0e78-464e-adcc-baf63b818a98');
INSERT INTO Uczen VALUES('7e78b5a4-ea15-44cd-9b0a-7459361f93aa', DEFAULT, 'Edyta', 'Kosińska', '31136577125', TO_DATE('2011-10-18', 'YYYY-MM-DD'), 'Kielce', DEFAULT);
INSERT INTO Konto VALUES('Edyta.Kosińska', '31136577125', 0, '7e78b5a4-ea15-44cd-9b0a-7459361f93aa');
INSERT INTO Uczen VALUES('56d73cdc-d65f-4187-97de-08cd79427ed0', DEFAULT, 'Klaudia', 'Krzemińska', '82408530224', TO_DATE('2008-04-21', 'YYYY-MM-DD'), 'Warszawa', DEFAULT);
INSERT INTO Konto VALUES('Klaudia.Krzemińska', '82408530224', 0, '56d73cdc-d65f-4187-97de-08cd79427ed0');
INSERT INTO Uczen VALUES('b647bce3-7be5-4c7c-b013-08bd6b63850c', DEFAULT, 'Natalia', 'Góra', '02793669955', TO_DATE('2016-02-23', 'YYYY-MM-DD'), 'Poznań', DEFAULT);
INSERT INTO Konto VALUES('Natalia.Góra', '02793669955', 0, 'b647bce3-7be5-4c7c-b013-08bd6b63850c');
INSERT INTO Uczen VALUES('adcdf6c7-3ee7-46e6-8ccf-cf1bfe8b7d82', DEFAULT, 'Dariusz', 'Gołębiewski', '05106739523', TO_DATE('2015-03-28', 'YYYY-MM-DD'), 'Kielce', DEFAULT);
INSERT INTO Konto VALUES('Dariusz.Gołębiewski', '05106739523', 0, 'adcdf6c7-3ee7-46e6-8ccf-cf1bfe8b7d82');
INSERT INTO Uczen VALUES('69afeb40-7460-4036-a323-bc49ea29dcec', DEFAULT, 'Wioletta', 'Murawska', '06334494024', TO_DATE('2016-01-12', 'YYYY-MM-DD'), 'Kielce', DEFAULT);
INSERT INTO Konto VALUES('Wioletta.Murawska', '06334494024', 0, '69afeb40-7460-4036-a323-bc49ea29dcec');
INSERT INTO Uczen VALUES('6dcb232b-b31d-4212-9870-ff4e377a5ece', DEFAULT, 'Bartłomiej', 'Piątkowski', '61841823788', TO_DATE('2009-11-26', 'YYYY-MM-DD'), 'Poznań', DEFAULT);
INSERT INTO Konto VALUES('Bartłomiej.Piątkowski', '61841823788', 0, '6dcb232b-b31d-4212-9870-ff4e377a5ece');
INSERT INTO Uczen VALUES('295817d9-e752-4d54-b9bf-c43328101991', DEFAULT, 'Bogusława', 'Bednarska', '34078395512', TO_DATE('2011-07-26', 'YYYY-MM-DD'), 'Kielce', DEFAULT);
INSERT INTO Konto VALUES('Bogusława.Bednarska', '34078395512', 0, '295817d9-e752-4d54-b9bf-c43328101991');
INSERT INTO Uczen VALUES('59031cee-d573-4b90-b2c5-925632d9f5c7', DEFAULT, 'Urszula', 'Szymańska', '59199198503', TO_DATE('2013-02-15', 'YYYY-MM-DD'), 'Kielce', DEFAULT);
INSERT INTO Konto VALUES('Urszula.Szymańska', '59199198503', 0, '59031cee-d573-4b90-b2c5-925632d9f5c7');
INSERT INTO Uczen VALUES('c7772e7f-f9d9-4eff-9be0-06212986c241', DEFAULT, 'Damian', 'Śliwiński', '11256741888', TO_DATE('2015-09-02', 'YYYY-MM-DD'), 'Kielce', DEFAULT);
INSERT INTO Konto VALUES('Damian.Śliwiński', '11256741888', 0, 'c7772e7f-f9d9-4eff-9be0-06212986c241');
INSERT INTO Uczen VALUES('09b32bef-dc72-487a-88fc-cdbf1749a908', DEFAULT, 'Dominika', 'Osińska', '40795276238', TO_DATE('2009-04-17', 'YYYY-MM-DD'), 'Opatów', DEFAULT);
INSERT INTO Konto VALUES('Dominika.Osińska', '40795276238', 0, '09b32bef-dc72-487a-88fc-cdbf1749a908');
INSERT INTO Uczen VALUES('e791db6e-ad7e-4136-8163-9e9b4110058d', DEFAULT, 'Tetiana', 'Zając', '16806740093', TO_DATE('2011-05-10', 'YYYY-MM-DD'), 'Kielce', DEFAULT);
INSERT INTO Konto VALUES('Tetiana.Zając', '16806740093', 0, 'e791db6e-ad7e-4136-8163-9e9b4110058d');
INSERT INTO Uczen VALUES('93d534ae-6a27-46b7-8cdd-091211efc628', DEFAULT, 'Julia', 'Maj', '32505752047', TO_DATE('2012-01-09', 'YYYY-MM-DD'), 'Kielce', DEFAULT);
INSERT INTO Konto VALUES('Julia.Maj', '32505752047', 0, '93d534ae-6a27-46b7-8cdd-091211efc628');
INSERT INTO Uczen VALUES('b3ec6e87-7fdb-4ce1-8d6a-629e4eb832bf', DEFAULT, 'Kazimiera', 'Janik', '48804241218', TO_DATE('2009-09-04', 'YYYY-MM-DD'), 'Kielce', DEFAULT);
INSERT INTO Konto VALUES('Kazimiera.Janik', '48804241218', 0, 'b3ec6e87-7fdb-4ce1-8d6a-629e4eb832bf');
INSERT INTO Uczen VALUES('5f2d5bad-eb88-434d-b029-aeeb87f8d9da', DEFAULT, 'Olha', 'Maciejewska', '25613695815', TO_DATE('2008-11-22', 'YYYY-MM-DD'), 'Opatów', DEFAULT);
INSERT INTO Konto VALUES('Olha.Maciejewska', '25613695815', 0, '5f2d5bad-eb88-434d-b029-aeeb87f8d9da');
INSERT INTO Uczen VALUES('b6548f22-5be7-4f28-bef6-eebc59d59de2', DEFAULT, 'Maksym', 'Wrona', '87981001439', TO_DATE('2009-04-14', 'YYYY-MM-DD'), 'Warszawa', DEFAULT);
INSERT INTO Konto VALUES('Maksym.Wrona', '87981001439', 0, 'b6548f22-5be7-4f28-bef6-eebc59d59de2');
INSERT INTO Uczen VALUES('d05508c8-f051-456d-9170-231adea2d9bc', DEFAULT, 'Olivier', 'Augustyniak', '19285544319', TO_DATE('2012-01-26', 'YYYY-MM-DD'), 'Kielce', DEFAULT);
INSERT INTO Konto VALUES('Olivier.Augustyniak', '19285544319', 0, 'd05508c8-f051-456d-9170-231adea2d9bc');
INSERT INTO Uczen VALUES('92aba2c1-b0ee-47b0-8e73-96ed73986e51', DEFAULT, 'Honorata', 'Zawadzka', '65463658344', TO_DATE('2011-08-04', 'YYYY-MM-DD'), 'Opatów', DEFAULT);
INSERT INTO Konto VALUES('Honorata.Zawadzka', '65463658344', 0, '92aba2c1-b0ee-47b0-8e73-96ed73986e51');
INSERT INTO Uczen VALUES('fa126a1c-d837-46db-989c-3f4ebaaec246', DEFAULT, 'Kuba', 'Wolski', '20609889610', TO_DATE('2016-03-20', 'YYYY-MM-DD'), 'Opatów', DEFAULT);
INSERT INTO Konto VALUES('Kuba.Wolski', '20609889610', 0, 'fa126a1c-d837-46db-989c-3f4ebaaec246');
INSERT INTO Uczen VALUES('444361de-99b8-45bf-969c-18835a870128', DEFAULT, 'Adrian', 'Kowal', '83362018835', TO_DATE('2016-01-18', 'YYYY-MM-DD'), 'Ostrowiec Świętokrzyski', DEFAULT);
INSERT INTO Konto VALUES('Adrian.Kowal', '83362018835', 0, '444361de-99b8-45bf-969c-18835a870128');
INSERT INTO Uczen VALUES('6fce2ac7-f851-4dd0-a0ad-a3f2585a9ad3', DEFAULT, 'Artur', 'Przybysz', '02372286079', TO_DATE('2014-05-11', 'YYYY-MM-DD'), 'Kielce', DEFAULT);
INSERT INTO Konto VALUES('Artur.Przybysz', '02372286079', 0, '6fce2ac7-f851-4dd0-a0ad-a3f2585a9ad3');
INSERT INTO Uczen VALUES('533833ab-e51a-436f-90df-eef97fe898cd', DEFAULT, 'Maksymilian', 'Lewicki', '65549157530', TO_DATE('2008-07-13', 'YYYY-MM-DD'), 'Kielce', DEFAULT);
INSERT INTO Konto VALUES('Maksymilian.Lewicki', '65549157530', 0, '533833ab-e51a-436f-90df-eef97fe898cd');
INSERT INTO Uczen VALUES('f1d1e8f4-bed9-465c-9499-ce24710d375b', DEFAULT, 'Vladyslav', 'Adamski', '85698546259', TO_DATE('2011-10-21', 'YYYY-MM-DD'), 'Ostrowiec Świętokrzyski', DEFAULT);
INSERT INTO Konto VALUES('Vladyslav.Adamski', '85698546259', 0, 'f1d1e8f4-bed9-465c-9499-ce24710d375b');
INSERT INTO Uczen VALUES('114c0884-fa53-41c2-85aa-17917c3f0f78', DEFAULT, 'Karina', 'Czech', '56260302778', TO_DATE('2014-03-21', 'YYYY-MM-DD'), 'Kielce', DEFAULT);
INSERT INTO Konto VALUES('Karina.Czech', '56260302778', 0, '114c0884-fa53-41c2-85aa-17917c3f0f78');
INSERT INTO Uczen VALUES('f1cf7403-6e6a-4719-a6c1-65d0904c6c46', DEFAULT, 'Genowefa', 'Dobrowolska', '95558900252', TO_DATE('2013-04-19', 'YYYY-MM-DD'), 'Wrocław', DEFAULT);
INSERT INTO Konto VALUES('Genowefa.Dobrowolska', '95558900252', 0, 'f1cf7403-6e6a-4719-a6c1-65d0904c6c46');
INSERT INTO Uczen VALUES('bff8c836-c1fb-4778-813b-e14c3f97cc75', DEFAULT, 'Wiktor', 'Zalewski', '81993994315', TO_DATE('2009-05-02', 'YYYY-MM-DD'), 'Kielce', DEFAULT);
INSERT INTO Konto VALUES('Wiktor.Zalewski', '81993994315', 0, 'bff8c836-c1fb-4778-813b-e14c3f97cc75');
INSERT INTO Uczen VALUES('7f78ce5e-0c88-4bf9-b8da-54071dfa9f8f', DEFAULT, 'Dominika', 'Kasprzyk', '00950558395', TO_DATE('2009-06-30', 'YYYY-MM-DD'), 'Kielce', DEFAULT);
INSERT INTO Konto VALUES('Dominika.Kasprzyk', '00950558395', 0, '7f78ce5e-0c88-4bf9-b8da-54071dfa9f8f');
INSERT INTO Uczen VALUES('591f6f62-34c9-4e49-b39c-07043ae6be93', DEFAULT, 'Barbara', 'Kozak', '15237303990', TO_DATE('2015-06-02', 'YYYY-MM-DD'), 'Kielce', DEFAULT);
INSERT INTO Konto VALUES('Barbara.Kozak', '15237303990', 0, '591f6f62-34c9-4e49-b39c-07043ae6be93');
INSERT INTO Uczen VALUES('61a4429d-6751-4b14-9059-c8dbd47bdc99', DEFAULT, 'Marcel', 'Czaja', '48017530954', TO_DATE('2009-12-01', 'YYYY-MM-DD'), 'Opatów', DEFAULT);
INSERT INTO Konto VALUES('Marcel.Czaja', '48017530954', 0, '61a4429d-6751-4b14-9059-c8dbd47bdc99');
INSERT INTO Uczen VALUES('00cbb07c-8bb4-4c99-8f9b-86343b4bd86d', DEFAULT, 'Iryna', 'Urbańska', '59357802669', TO_DATE('2012-06-11', 'YYYY-MM-DD'), 'Łódź', DEFAULT);
INSERT INTO Konto VALUES('Iryna.Urbańska', '59357802669', 0, '00cbb07c-8bb4-4c99-8f9b-86343b4bd86d');
INSERT INTO Uczen VALUES('6726c4b1-e629-481d-9668-1ef46bcef6f9', DEFAULT, 'Olha', 'Sikorska', '64853996230', TO_DATE('2013-03-17', 'YYYY-MM-DD'), 'Łódź', DEFAULT);
INSERT INTO Konto VALUES('Olha.Sikorska', '64853996230', 0, '6726c4b1-e629-481d-9668-1ef46bcef6f9');
INSERT INTO Uczen VALUES('2f5d24ed-b2ef-4739-9f20-887f75ddaa10', DEFAULT, 'Edyta', 'Pluta', '56509034096', TO_DATE('2015-11-07', 'YYYY-MM-DD'), 'Wrocław', DEFAULT);
INSERT INTO Konto VALUES('Edyta.Pluta', '56509034096', 0, '2f5d24ed-b2ef-4739-9f20-887f75ddaa10');
INSERT INTO Uczen VALUES('2d3beb5e-5633-4beb-b170-c175fb3ae23d', DEFAULT, 'Władysław', 'Karpiński', '74552460521', TO_DATE('2015-08-16', 'YYYY-MM-DD'), 'Kielce', DEFAULT);
INSERT INTO Konto VALUES('Władysław.Karpiński', '74552460521', 0, '2d3beb5e-5633-4beb-b170-c175fb3ae23d');
INSERT INTO Uczen VALUES('585ce031-5402-4456-8db1-03574b75f5a7', DEFAULT, 'Radosław', 'Markiewicz', '70616223116', TO_DATE('2010-05-02', 'YYYY-MM-DD'), 'Katowice', DEFAULT);
INSERT INTO Konto VALUES('Radosław.Markiewicz', '70616223116', 0, '585ce031-5402-4456-8db1-03574b75f5a7');
INSERT INTO Uczen VALUES('8abd53b4-30e1-44db-8a98-f80d68f46fd8', DEFAULT, 'Dawid', 'Dziedzic', '11413384405', TO_DATE('2013-04-07', 'YYYY-MM-DD'), 'Łódź', DEFAULT);
INSERT INTO Konto VALUES('Dawid.Dziedzic', '11413384405', 0, '8abd53b4-30e1-44db-8a98-f80d68f46fd8');
INSERT INTO Uczen VALUES('2c98e3f4-1172-4e40-984c-079568e23641', DEFAULT, 'Irena', 'Kozieł', '96077319896', TO_DATE('2015-05-13', 'YYYY-MM-DD'), 'Poznań', DEFAULT);
INSERT INTO Konto VALUES('Irena.Kozieł', '96077319896', 0, '2c98e3f4-1172-4e40-984c-079568e23641');
INSERT INTO Uczen VALUES('fdf94fec-4cd1-4fc6-833a-5db29fe64765', DEFAULT, 'Diana', 'Grzybowska', '40870349842', TO_DATE('2010-03-13', 'YYYY-MM-DD'), 'Końskie', DEFAULT);
INSERT INTO Konto VALUES('Diana.Grzybowska', '40870349842', 0, 'fdf94fec-4cd1-4fc6-833a-5db29fe64765');
INSERT INTO Uczen VALUES('05ead7fc-45f0-4362-9af8-ab1b593ce9a4', DEFAULT, 'Antonina', 'Maciejewska', '86016173342', TO_DATE('2010-02-24', 'YYYY-MM-DD'), 'Poznań', DEFAULT);
INSERT INTO Konto VALUES('Antonina.Maciejewska', '86016173342', 0, '05ead7fc-45f0-4362-9af8-ab1b593ce9a4');
INSERT INTO Uczen VALUES('94826b24-a597-4115-8a14-9955a228044d', DEFAULT, 'Julia', 'Bednarz', '87585119488', TO_DATE('2015-12-09', 'YYYY-MM-DD'), 'Ostrowiec Świętokrzyski', DEFAULT);
INSERT INTO Konto VALUES('Julia.Bednarz', '87585119488', 0, '94826b24-a597-4115-8a14-9955a228044d');
INSERT INTO Uczen VALUES('405206f7-8c46-4f19-9d58-7747c1786d81', DEFAULT, 'Szczepan', 'Chmiel', '37045488573', TO_DATE('2008-07-06', 'YYYY-MM-DD'), 'Kielce', DEFAULT);
INSERT INTO Konto VALUES('Szczepan.Chmiel', '37045488573', 0, '405206f7-8c46-4f19-9d58-7747c1786d81');
INSERT INTO Uczen VALUES('cbc55468-8222-49f7-a97f-048657297bfc', DEFAULT, 'Róża', 'Kucharska', '36230614056', TO_DATE('2009-07-03', 'YYYY-MM-DD'), 'Warszawa', DEFAULT);
INSERT INTO Konto VALUES('Róża.Kucharska', '36230614056', 0, 'cbc55468-8222-49f7-a97f-048657297bfc');
INSERT INTO Uczen VALUES('d9b2cfc2-1329-4b45-90b5-85d4b52c3586', DEFAULT, 'Marcel', 'Kopeć', '25596268425', TO_DATE('2016-07-05', 'YYYY-MM-DD'), 'Poznań', DEFAULT);
INSERT INTO Konto VALUES('Marcel.Kopeć', '25596268425', 0, 'd9b2cfc2-1329-4b45-90b5-85d4b52c3586');
INSERT INTO Uczen VALUES('3e6b7f1c-b447-4c1f-af67-df6c6fa9f773', DEFAULT, 'Wiktoria', 'Kołodziej', '51552331061', TO_DATE('2016-08-24', 'YYYY-MM-DD'), 'Łódź', DEFAULT);
INSERT INTO Konto VALUES('Wiktoria.Kołodziej', '51552331061', 0, '3e6b7f1c-b447-4c1f-af67-df6c6fa9f773');
INSERT INTO Uczen VALUES('cc0ed568-e628-41a8-87d6-763ea24bd04b', DEFAULT, 'Olena', 'Cieślik', '86157565524', TO_DATE('2015-01-31', 'YYYY-MM-DD'), 'Końskie', DEFAULT);
INSERT INTO Konto VALUES('Olena.Cieślik', '86157565524', 0, 'cc0ed568-e628-41a8-87d6-763ea24bd04b');
INSERT INTO Uczen VALUES('3e3e05b2-b170-49bf-ad60-132bbd9fb4f9', DEFAULT, 'Karolina', 'Polak', '69559424403', TO_DATE('2014-01-14', 'YYYY-MM-DD'), 'Kielce', DEFAULT);
INSERT INTO Konto VALUES('Karolina.Polak', '69559424403', 0, '3e3e05b2-b170-49bf-ad60-132bbd9fb4f9');
INSERT INTO Uczen VALUES('d0f98536-6b8b-42ac-a87b-4171d5944745', DEFAULT, 'Nela', 'Włodarczyk', '14356468740', TO_DATE('2015-06-05', 'YYYY-MM-DD'), 'Kielce', DEFAULT);
INSERT INTO Konto VALUES('Nela.Włodarczyk', '14356468740', 0, 'd0f98536-6b8b-42ac-a87b-4171d5944745');
INSERT INTO Uczen VALUES('2ef8c150-ae7f-463e-8c60-f5223fd36eaf', DEFAULT, 'Łukasz', 'Mikołajczyk', '85362437772', TO_DATE('2008-09-30', 'YYYY-MM-DD'), 'Kielce', DEFAULT);
INSERT INTO Konto VALUES('Łukasz.Mikołajczyk', '85362437772', 0, '2ef8c150-ae7f-463e-8c60-f5223fd36eaf');
INSERT INTO Uczen VALUES('1b8e2fce-3404-474d-9a4f-510ab79c869a', DEFAULT, 'Olha', 'Lech', '59272859401', TO_DATE('2015-06-12', 'YYYY-MM-DD'), 'Kielce', DEFAULT);
INSERT INTO Konto VALUES('Olha.Lech', '59272859401', 0, '1b8e2fce-3404-474d-9a4f-510ab79c869a');
INSERT INTO Uczen VALUES('275c6769-b0cd-4ca5-a9a2-2cb0ba477905', DEFAULT, 'Kuba', 'Wawrzyniak', '65658747403', TO_DATE('2008-01-28', 'YYYY-MM-DD'), 'Łódź', DEFAULT);
INSERT INTO Konto VALUES('Kuba.Wawrzyniak', '65658747403', 0, '275c6769-b0cd-4ca5-a9a2-2cb0ba477905');
INSERT INTO Uczen VALUES('fbbb48b4-4ab1-4bee-80f0-4a14b904bdfd', DEFAULT, 'Justyna', 'Nowicka', '07051969881', TO_DATE('2010-10-17', 'YYYY-MM-DD'), 'Wrocław', DEFAULT);
INSERT INTO Konto VALUES('Justyna.Nowicka', '07051969881', 0, 'fbbb48b4-4ab1-4bee-80f0-4a14b904bdfd');
INSERT INTO Uczen VALUES('a2ee3a1a-fad7-4ed2-b2f5-f14dcbb3a354', DEFAULT, 'Kacper', 'Kwiatkowski', '96621643952', TO_DATE('2016-08-06', 'YYYY-MM-DD'), 'Łódź', DEFAULT);
INSERT INTO Konto VALUES('Kacper.Kwiatkowski', '96621643952', 0, 'a2ee3a1a-fad7-4ed2-b2f5-f14dcbb3a354');
INSERT INTO Uczen VALUES('19bb63bc-4215-4332-a138-4c12db3b4136', DEFAULT, 'Franciszek', 'Wójtowicz', '63462441224', TO_DATE('2012-03-10', 'YYYY-MM-DD'), 'Warszawa', DEFAULT);
INSERT INTO Konto VALUES('Franciszek.Wójtowicz', '63462441224', 0, '19bb63bc-4215-4332-a138-4c12db3b4136');
INSERT INTO Uczen VALUES('313d01b3-e74f-4085-ba54-de8269d6b8a2', DEFAULT, 'Adrian', 'Olejnik', '51392070454', TO_DATE('2015-01-15', 'YYYY-MM-DD'), 'Kielce', DEFAULT);
INSERT INTO Konto VALUES('Adrian.Olejnik', '51392070454', 0, '313d01b3-e74f-4085-ba54-de8269d6b8a2');
INSERT INTO Uczen VALUES('9158683e-8e14-4d5d-86f7-d475b5e80ec2', DEFAULT, 'Ivan', 'Stankiewicz', '98745517004', TO_DATE('2015-10-01', 'YYYY-MM-DD'), 'Kielce', DEFAULT);
INSERT INTO Konto VALUES('Ivan.Stankiewicz', '98745517004', 0, '9158683e-8e14-4d5d-86f7-d475b5e80ec2');
INSERT INTO Uczen VALUES('795052fc-7e80-4d20-94b8-37d917d8cf7b', DEFAULT, 'Gabriel', 'Jastrzębski', '03653331978', TO_DATE('2010-06-02', 'YYYY-MM-DD'), 'Ostrowiec Świętokrzyski', DEFAULT);
INSERT INTO Konto VALUES('Gabriel.Jastrzębski', '03653331978', 0, '795052fc-7e80-4d20-94b8-37d917d8cf7b');
INSERT INTO Uczen VALUES('0dd12ae1-cad6-4375-a0d9-47b73bf48eec', DEFAULT, 'Joanna', 'Lis', '24305811709', TO_DATE('2013-02-10', 'YYYY-MM-DD'), 'Ostrowiec Świętokrzyski', DEFAULT);
INSERT INTO Konto VALUES('Joanna.Lis', '24305811709', 0, '0dd12ae1-cad6-4375-a0d9-47b73bf48eec');
INSERT INTO Uczen VALUES('a4e2f3c1-dc19-421a-b6b2-9ac006fe6fb6', DEFAULT, 'Małgorzata', 'Rybak', '49458452064', TO_DATE('2013-06-30', 'YYYY-MM-DD'), 'Kielce', DEFAULT);
INSERT INTO Konto VALUES('Małgorzata.Rybak', '49458452064', 0, 'a4e2f3c1-dc19-421a-b6b2-9ac006fe6fb6');
INSERT INTO Uczen VALUES('13087340-3058-4aab-83f3-e9e981b64a17', DEFAULT, 'Iga', 'Gajda', '45703129891', TO_DATE('2015-01-29', 'YYYY-MM-DD'), 'Kielce', DEFAULT);
INSERT INTO Konto VALUES('Iga.Gajda', '45703129891', 0, '13087340-3058-4aab-83f3-e9e981b64a17');
INSERT INTO Uczen VALUES('f49deaee-e832-4654-ad5d-0708305f0730', DEFAULT, 'Norbert', 'Włodarczyk', '59932088254', TO_DATE('2010-07-23', 'YYYY-MM-DD'), 'Katowice', DEFAULT);
INSERT INTO Konto VALUES('Norbert.Włodarczyk', '59932088254', 0, 'f49deaee-e832-4654-ad5d-0708305f0730');
INSERT INTO Uczen VALUES('506f973f-10f7-464b-b948-b034bab419f4', DEFAULT, 'Emil', 'Staniszewski', '76483244240', TO_DATE('2012-05-29', 'YYYY-MM-DD'), 'Końskie', DEFAULT);
INSERT INTO Konto VALUES('Emil.Staniszewski', '76483244240', 0, '506f973f-10f7-464b-b948-b034bab419f4');
INSERT INTO Uczen VALUES('fbefaa11-0032-494b-b35b-c369d0dbacd6', DEFAULT, 'Krystian', 'Skowroński', '97182366161', TO_DATE('2014-05-30', 'YYYY-MM-DD'), 'Końskie', DEFAULT);
INSERT INTO Konto VALUES('Krystian.Skowroński', '97182366161', 0, 'fbefaa11-0032-494b-b35b-c369d0dbacd6');
INSERT INTO Uczen VALUES('e2019102-7160-4b46-b0fd-6fd56430551a', DEFAULT, 'Adrian', 'Pietrzyk', '25013006072', TO_DATE('2009-01-31', 'YYYY-MM-DD'), 'Opatów', DEFAULT);
INSERT INTO Konto VALUES('Adrian.Pietrzyk', '25013006072', 0, 'e2019102-7160-4b46-b0fd-6fd56430551a');
INSERT INTO Nauczyciel VALUES('77312bb3-8a52-49c9-87d5-6d3f2f96a333', 'Liliana', 'Musiał', TO_DATE('2005-07-31', 'YYYY-MM-DD'), 'inż.', DEFAULT);
INSERT INTO Konto VALUES('Liliana.Musiał', 'nLilianaMusiał', 0, '77312bb3-8a52-49c9-87d5-6d3f2f96a333');
INSERT INTO NauczycielPrzedmiot VALUES ('77312bb3-8a52-49c9-87d5-6d3f2f96a333', 1);
INSERT INTO NauczycielPrzedmiot VALUES ('77312bb3-8a52-49c9-87d5-6d3f2f96a333', 2);
INSERT INTO NauczycielPrzedmiot VALUES ('77312bb3-8a52-49c9-87d5-6d3f2f96a333', 3);
INSERT INTO NauczycielPrzedmiot VALUES ('77312bb3-8a52-49c9-87d5-6d3f2f96a333', 4);
INSERT INTO NauczycielPrzedmiot VALUES ('77312bb3-8a52-49c9-87d5-6d3f2f96a333', 5);
INSERT INTO NauczycielPrzedmiot VALUES ('77312bb3-8a52-49c9-87d5-6d3f2f96a333', 6);
INSERT INTO Nauczyciel VALUES('0b6176d0-2efd-4524-9900-55f0f7af3b8a', 'Julian', 'Wójtowicz', TO_DATE('2000-04-10', 'YYYY-MM-DD'), 'inż.', DEFAULT);
INSERT INTO Konto VALUES('Julian.Wójtowicz', 'nJulianWójtowicz', 0, '0b6176d0-2efd-4524-9900-55f0f7af3b8a');
INSERT INTO NauczycielPrzedmiot VALUES ('0b6176d0-2efd-4524-9900-55f0f7af3b8a', 7);
INSERT INTO NauczycielPrzedmiot VALUES ('0b6176d0-2efd-4524-9900-55f0f7af3b8a', 8);
INSERT INTO NauczycielPrzedmiot VALUES ('0b6176d0-2efd-4524-9900-55f0f7af3b8a', 9);
INSERT INTO NauczycielPrzedmiot VALUES ('0b6176d0-2efd-4524-9900-55f0f7af3b8a', 10);
INSERT INTO Nauczyciel VALUES('650aa242-19f4-4627-9b9e-26eab2937e09', 'Wiktoria', 'Bednarek', TO_DATE('2014-10-01', 'YYYY-MM-DD'), 'mgr', DEFAULT);
INSERT INTO Konto VALUES('Wiktoria.Bednarek', 'nWiktoriaBednarek', 0, '650aa242-19f4-4627-9b9e-26eab2937e09');
INSERT INTO NauczycielPrzedmiot VALUES ('650aa242-19f4-4627-9b9e-26eab2937e09', 11);
INSERT INTO NauczycielPrzedmiot VALUES ('650aa242-19f4-4627-9b9e-26eab2937e09', 12);
INSERT INTO NauczycielPrzedmiot VALUES ('650aa242-19f4-4627-9b9e-26eab2937e09', 13);
INSERT INTO NauczycielPrzedmiot VALUES ('650aa242-19f4-4627-9b9e-26eab2937e09', 14);
INSERT INTO Nauczyciel VALUES('17cf7eee-8841-43bf-a527-e94ec9917922', 'Bogumiła', 'Górecka', TO_DATE('2006-10-30', 'YYYY-MM-DD'), 'mgr', DEFAULT);
INSERT INTO Konto VALUES('Bogumiła.Górecka', 'nBogumiłaGórecka', 0, '17cf7eee-8841-43bf-a527-e94ec9917922');
INSERT INTO NauczycielPrzedmiot VALUES ('17cf7eee-8841-43bf-a527-e94ec9917922', 15);
INSERT INTO NauczycielPrzedmiot VALUES ('17cf7eee-8841-43bf-a527-e94ec9917922', 16);
INSERT INTO NauczycielPrzedmiot VALUES ('17cf7eee-8841-43bf-a527-e94ec9917922', 17);
INSERT INTO NauczycielPrzedmiot VALUES ('17cf7eee-8841-43bf-a527-e94ec9917922', 18);
INSERT INTO NauczycielPrzedmiot VALUES ('17cf7eee-8841-43bf-a527-e94ec9917922', 19);
INSERT INTO NauczycielPrzedmiot VALUES ('17cf7eee-8841-43bf-a527-e94ec9917922', 20);
INSERT INTO NauczycielPrzedmiot VALUES ('17cf7eee-8841-43bf-a527-e94ec9917922', 21);
INSERT INTO Nauczyciel VALUES('2e86fd64-1b55-4558-8cd4-912e164f5831', 'Bogusław', 'Adamczyk', TO_DATE('2009-08-21', 'YYYY-MM-DD'), 'mgr', DEFAULT);
INSERT INTO Konto VALUES('Bogusław.Adamczyk', 'nBogusławAdamczyk', 0, '2e86fd64-1b55-4558-8cd4-912e164f5831');
INSERT INTO NauczycielPrzedmiot VALUES ('2e86fd64-1b55-4558-8cd4-912e164f5831', 22);
INSERT INTO NauczycielPrzedmiot VALUES ('2e86fd64-1b55-4558-8cd4-912e164f5831', 23);
INSERT INTO NauczycielPrzedmiot VALUES ('2e86fd64-1b55-4558-8cd4-912e164f5831', 24);
INSERT INTO NauczycielPrzedmiot VALUES ('2e86fd64-1b55-4558-8cd4-912e164f5831', 25);
INSERT INTO NauczycielPrzedmiot VALUES ('2e86fd64-1b55-4558-8cd4-912e164f5831', 26);
INSERT INTO Nauczyciel VALUES('64d65b05-b9da-48b8-809f-8aa136cc60c3', 'Rafał', 'Lech', TO_DATE('2017-01-26', 'YYYY-MM-DD'), 'inż.', DEFAULT);
INSERT INTO Konto VALUES('Rafał.Lech', 'nRafałLech', 0, '64d65b05-b9da-48b8-809f-8aa136cc60c3');
INSERT INTO NauczycielPrzedmiot VALUES ('64d65b05-b9da-48b8-809f-8aa136cc60c3', 27);
INSERT INTO NauczycielPrzedmiot VALUES ('64d65b05-b9da-48b8-809f-8aa136cc60c3', 28);
INSERT INTO NauczycielPrzedmiot VALUES ('64d65b05-b9da-48b8-809f-8aa136cc60c3', 29);
INSERT INTO NauczycielPrzedmiot VALUES ('64d65b05-b9da-48b8-809f-8aa136cc60c3', 30);
INSERT INTO NauczycielPrzedmiot VALUES ('64d65b05-b9da-48b8-809f-8aa136cc60c3', 31);
INSERT INTO NauczycielPrzedmiot VALUES ('64d65b05-b9da-48b8-809f-8aa136cc60c3', 32);
INSERT INTO NauczycielPrzedmiot VALUES ('64d65b05-b9da-48b8-809f-8aa136cc60c3', 33);
INSERT INTO Nauczyciel VALUES('6e3d0679-6820-4675-bc22-26f99aa2231a', 'Radosław', 'Rak', TO_DATE('2001-04-12', 'YYYY-MM-DD'), 'mgr', DEFAULT);
INSERT INTO Konto VALUES('Radosław.Rak', 'nRadosławRak', 0, '6e3d0679-6820-4675-bc22-26f99aa2231a');
INSERT INTO NauczycielPrzedmiot VALUES ('6e3d0679-6820-4675-bc22-26f99aa2231a', 34);
INSERT INTO NauczycielPrzedmiot VALUES ('6e3d0679-6820-4675-bc22-26f99aa2231a', 35);
INSERT INTO NauczycielPrzedmiot VALUES ('6e3d0679-6820-4675-bc22-26f99aa2231a', 36);
INSERT INTO NauczycielPrzedmiot VALUES ('6e3d0679-6820-4675-bc22-26f99aa2231a', 37);
INSERT INTO NauczycielPrzedmiot VALUES ('6e3d0679-6820-4675-bc22-26f99aa2231a', 38);
INSERT INTO NauczycielPrzedmiot VALUES ('6e3d0679-6820-4675-bc22-26f99aa2231a', 39);
INSERT INTO NauczycielPrzedmiot VALUES ('6e3d0679-6820-4675-bc22-26f99aa2231a', 40);
INSERT INTO Nauczyciel VALUES('7014cb77-f274-427d-92f2-ac07913a2a3b', 'Alan', 'Karpiński', TO_DATE('2014-05-30', 'YYYY-MM-DD'), 'mgr', DEFAULT);
INSERT INTO Konto VALUES('Alan.Karpiński', 'nAlanKarpiński', 0, '7014cb77-f274-427d-92f2-ac07913a2a3b');
INSERT INTO NauczycielPrzedmiot VALUES ('7014cb77-f274-427d-92f2-ac07913a2a3b', 41);
INSERT INTO NauczycielPrzedmiot VALUES ('7014cb77-f274-427d-92f2-ac07913a2a3b', 42);
INSERT INTO NauczycielPrzedmiot VALUES ('7014cb77-f274-427d-92f2-ac07913a2a3b', 43);
INSERT INTO Nauczyciel VALUES('5658a81e-e433-4c89-9a95-837964ebde48', 'Julia', 'Skowrońska', TO_DATE('2000-02-16', 'YYYY-MM-DD'), 'mgr', DEFAULT);
INSERT INTO Konto VALUES('Julia.Skowrońska', 'nJuliaSkowrońska', 0, '5658a81e-e433-4c89-9a95-837964ebde48');
INSERT INTO NauczycielPrzedmiot VALUES ('5658a81e-e433-4c89-9a95-837964ebde48', 44);
INSERT INTO NauczycielPrzedmiot VALUES ('5658a81e-e433-4c89-9a95-837964ebde48', 45);
INSERT INTO NauczycielPrzedmiot VALUES ('5658a81e-e433-4c89-9a95-837964ebde48', 46);
INSERT INTO NauczycielPrzedmiot VALUES ('5658a81e-e433-4c89-9a95-837964ebde48', 47);
INSERT INTO NauczycielPrzedmiot VALUES ('5658a81e-e433-4c89-9a95-837964ebde48', 48);
INSERT INTO NauczycielPrzedmiot VALUES ('5658a81e-e433-4c89-9a95-837964ebde48', 49);
INSERT INTO NauczycielPrzedmiot VALUES ('5658a81e-e433-4c89-9a95-837964ebde48', 50);
INSERT INTO NauczycielPrzedmiot VALUES ('5658a81e-e433-4c89-9a95-837964ebde48', 51);
INSERT INTO Nauczyciel VALUES('a0b2c58b-e536-4816-a8f8-6abb25c9c6d9', 'Ruslan', 'Jakubowski', TO_DATE('2004-11-16', 'YYYY-MM-DD'), 'mgr', DEFAULT);
INSERT INTO Konto VALUES('Ruslan.Jakubowski', 'nRuslanJakubowski', 0, 'a0b2c58b-e536-4816-a8f8-6abb25c9c6d9');
INSERT INTO NauczycielPrzedmiot VALUES ('a0b2c58b-e536-4816-a8f8-6abb25c9c6d9', 52);
INSERT INTO NauczycielPrzedmiot VALUES ('a0b2c58b-e536-4816-a8f8-6abb25c9c6d9', 53);
INSERT INTO NauczycielPrzedmiot VALUES ('a0b2c58b-e536-4816-a8f8-6abb25c9c6d9', 54);
INSERT INTO NauczycielPrzedmiot VALUES ('a0b2c58b-e536-4816-a8f8-6abb25c9c6d9', 55);
INSERT INTO Nauczyciel VALUES('766e9a72-dd20-42d3-8ec2-c4b3c5310b0d', 'Eugenia', 'Nowak', TO_DATE('2012-09-03', 'YYYY-MM-DD'), 'inż.', DEFAULT);
INSERT INTO Konto VALUES('Eugenia.Nowak', 'nEugeniaNowak', 0, '766e9a72-dd20-42d3-8ec2-c4b3c5310b0d');
INSERT INTO NauczycielPrzedmiot VALUES ('766e9a72-dd20-42d3-8ec2-c4b3c5310b0d', 56);
INSERT INTO NauczycielPrzedmiot VALUES ('766e9a72-dd20-42d3-8ec2-c4b3c5310b0d', 57);
INSERT INTO NauczycielPrzedmiot VALUES ('766e9a72-dd20-42d3-8ec2-c4b3c5310b0d', 58);
INSERT INTO NauczycielPrzedmiot VALUES ('766e9a72-dd20-42d3-8ec2-c4b3c5310b0d', 59);
INSERT INTO NauczycielPrzedmiot VALUES ('766e9a72-dd20-42d3-8ec2-c4b3c5310b0d', 60);
INSERT INTO Nauczyciel VALUES('10692483-fd20-4978-bcaa-c23c98de58b6', 'Cecylia', 'Stachowiak', TO_DATE('2022-06-12', 'YYYY-MM-DD'), 'inż.', DEFAULT);
INSERT INTO Konto VALUES('Cecylia.Stachowiak', 'nCecyliaStachowiak', 0, '10692483-fd20-4978-bcaa-c23c98de58b6');
INSERT INTO NauczycielPrzedmiot VALUES ('10692483-fd20-4978-bcaa-c23c98de58b6', 61);
INSERT INTO NauczycielPrzedmiot VALUES ('10692483-fd20-4978-bcaa-c23c98de58b6', 62);
INSERT INTO NauczycielPrzedmiot VALUES ('10692483-fd20-4978-bcaa-c23c98de58b6', 63);
INSERT INTO NauczycielPrzedmiot VALUES ('10692483-fd20-4978-bcaa-c23c98de58b6', 64);
INSERT INTO NauczycielPrzedmiot VALUES ('10692483-fd20-4978-bcaa-c23c98de58b6', 65);
INSERT INTO NauczycielPrzedmiot VALUES ('10692483-fd20-4978-bcaa-c23c98de58b6', 66);
INSERT INTO NauczycielPrzedmiot VALUES ('10692483-fd20-4978-bcaa-c23c98de58b6', 67);
INSERT INTO Nauczyciel VALUES('a79b21d5-17df-4856-a8b3-2b61a7a49f61', 'Henryk', 'Dębski', TO_DATE('2002-08-06', 'YYYY-MM-DD'), 'mgr', DEFAULT);
INSERT INTO Konto VALUES('Henryk.Dębski', 'nHenrykDębski', 0, 'a79b21d5-17df-4856-a8b3-2b61a7a49f61');
INSERT INTO NauczycielPrzedmiot VALUES ('a79b21d5-17df-4856-a8b3-2b61a7a49f61', 1);
INSERT INTO NauczycielPrzedmiot VALUES ('a79b21d5-17df-4856-a8b3-2b61a7a49f61', 2);
INSERT INTO NauczycielPrzedmiot VALUES ('a79b21d5-17df-4856-a8b3-2b61a7a49f61', 3);
INSERT INTO NauczycielPrzedmiot VALUES ('a79b21d5-17df-4856-a8b3-2b61a7a49f61', 4);
INSERT INTO NauczycielPrzedmiot VALUES ('a79b21d5-17df-4856-a8b3-2b61a7a49f61', 5);
INSERT INTO NauczycielPrzedmiot VALUES ('a79b21d5-17df-4856-a8b3-2b61a7a49f61', 6);
INSERT INTO Nauczyciel VALUES('4c03496c-8fb5-4069-bbd5-6332cf0bcbfa', 'Nadia', 'Sikora', TO_DATE('2000-08-10', 'YYYY-MM-DD'), 'mgr', DEFAULT);
INSERT INTO Konto VALUES('Nadia.Sikora', 'nNadiaSikora', 0, '4c03496c-8fb5-4069-bbd5-6332cf0bcbfa');
INSERT INTO NauczycielPrzedmiot VALUES ('4c03496c-8fb5-4069-bbd5-6332cf0bcbfa', 7);
INSERT INTO NauczycielPrzedmiot VALUES ('4c03496c-8fb5-4069-bbd5-6332cf0bcbfa', 8);
INSERT INTO NauczycielPrzedmiot VALUES ('4c03496c-8fb5-4069-bbd5-6332cf0bcbfa', 9);
INSERT INTO NauczycielPrzedmiot VALUES ('4c03496c-8fb5-4069-bbd5-6332cf0bcbfa', 10);
INSERT INTO NauczycielPrzedmiot VALUES ('4c03496c-8fb5-4069-bbd5-6332cf0bcbfa', 11);
INSERT INTO NauczycielPrzedmiot VALUES ('4c03496c-8fb5-4069-bbd5-6332cf0bcbfa', 12);
INSERT INTO NauczycielPrzedmiot VALUES ('4c03496c-8fb5-4069-bbd5-6332cf0bcbfa', 13);
INSERT INTO Nauczyciel VALUES('9c727d7c-1371-4cde-a01b-735d6fe9ca52', 'Łukasz', 'Urban', TO_DATE('2016-09-06', 'YYYY-MM-DD'), 'mgr', DEFAULT);
INSERT INTO Konto VALUES('Łukasz.Urban', 'nŁukaszUrban', 0, '9c727d7c-1371-4cde-a01b-735d6fe9ca52');
INSERT INTO NauczycielPrzedmiot VALUES ('9c727d7c-1371-4cde-a01b-735d6fe9ca52', 14);
INSERT INTO NauczycielPrzedmiot VALUES ('9c727d7c-1371-4cde-a01b-735d6fe9ca52', 15);
INSERT INTO NauczycielPrzedmiot VALUES ('9c727d7c-1371-4cde-a01b-735d6fe9ca52', 16);
INSERT INTO NauczycielPrzedmiot VALUES ('9c727d7c-1371-4cde-a01b-735d6fe9ca52', 17);
INSERT INTO NauczycielPrzedmiot VALUES ('9c727d7c-1371-4cde-a01b-735d6fe9ca52', 18);
INSERT INTO NauczycielPrzedmiot VALUES ('9c727d7c-1371-4cde-a01b-735d6fe9ca52', 19);
INSERT INTO NauczycielPrzedmiot VALUES ('9c727d7c-1371-4cde-a01b-735d6fe9ca52', 20);
INSERT INTO NauczycielPrzedmiot VALUES ('9c727d7c-1371-4cde-a01b-735d6fe9ca52', 21);
INSERT INTO Nauczyciel VALUES('ae6a53ec-2a1d-4055-9d92-f1db32802b67', 'Wacław', 'Marcinkowski', TO_DATE('2017-04-16', 'YYYY-MM-DD'), 'inż.', DEFAULT);
INSERT INTO Konto VALUES('Wacław.Marcinkowski', 'nWacławMarcinkowski', 0, 'ae6a53ec-2a1d-4055-9d92-f1db32802b67');
INSERT INTO NauczycielPrzedmiot VALUES ('ae6a53ec-2a1d-4055-9d92-f1db32802b67', 22);
INSERT INTO NauczycielPrzedmiot VALUES ('ae6a53ec-2a1d-4055-9d92-f1db32802b67', 23);
INSERT INTO NauczycielPrzedmiot VALUES ('ae6a53ec-2a1d-4055-9d92-f1db32802b67', 24);
INSERT INTO NauczycielPrzedmiot VALUES ('ae6a53ec-2a1d-4055-9d92-f1db32802b67', 25);
INSERT INTO NauczycielPrzedmiot VALUES ('ae6a53ec-2a1d-4055-9d92-f1db32802b67', 26);
INSERT INTO Nauczyciel VALUES('b5ce4c8d-98e8-4d6c-a402-818ba5970f85', 'Cecylia', 'Klimczak', TO_DATE('2009-11-24', 'YYYY-MM-DD'), 'inż.', DEFAULT);
INSERT INTO Konto VALUES('Cecylia.Klimczak', 'nCecyliaKlimczak', 0, 'b5ce4c8d-98e8-4d6c-a402-818ba5970f85');
INSERT INTO NauczycielPrzedmiot VALUES ('b5ce4c8d-98e8-4d6c-a402-818ba5970f85', 27);
INSERT INTO NauczycielPrzedmiot VALUES ('b5ce4c8d-98e8-4d6c-a402-818ba5970f85', 28);
INSERT INTO NauczycielPrzedmiot VALUES ('b5ce4c8d-98e8-4d6c-a402-818ba5970f85', 29);
INSERT INTO NauczycielPrzedmiot VALUES ('b5ce4c8d-98e8-4d6c-a402-818ba5970f85', 30);
INSERT INTO NauczycielPrzedmiot VALUES ('b5ce4c8d-98e8-4d6c-a402-818ba5970f85', 31);
INSERT INTO NauczycielPrzedmiot VALUES ('b5ce4c8d-98e8-4d6c-a402-818ba5970f85', 32);
INSERT INTO NauczycielPrzedmiot VALUES ('b5ce4c8d-98e8-4d6c-a402-818ba5970f85', 33);
INSERT INTO Nauczyciel VALUES('d2147f01-474a-4b8d-ae51-0cf646c62bca', 'Aniela', 'Wilczyńska', TO_DATE('2014-06-23', 'YYYY-MM-DD'), 'inż.', DEFAULT);
INSERT INTO Konto VALUES('Aniela.Wilczyńska', 'nAnielaWilczyńska', 0, 'd2147f01-474a-4b8d-ae51-0cf646c62bca');
INSERT INTO NauczycielPrzedmiot VALUES ('d2147f01-474a-4b8d-ae51-0cf646c62bca', 34);
INSERT INTO NauczycielPrzedmiot VALUES ('d2147f01-474a-4b8d-ae51-0cf646c62bca', 35);
INSERT INTO NauczycielPrzedmiot VALUES ('d2147f01-474a-4b8d-ae51-0cf646c62bca', 36);
INSERT INTO NauczycielPrzedmiot VALUES ('d2147f01-474a-4b8d-ae51-0cf646c62bca', 37);
INSERT INTO Nauczyciel VALUES('f264598b-04bb-4c17-a0e6-6b05226f126e', 'Mykola', 'Gołębiewski', TO_DATE('2003-11-03', 'YYYY-MM-DD'), 'inż.', DEFAULT);
INSERT INTO Konto VALUES('Mykola.Gołębiewski', 'nMykolaGołębiewski', 0, 'f264598b-04bb-4c17-a0e6-6b05226f126e');
INSERT INTO NauczycielPrzedmiot VALUES ('f264598b-04bb-4c17-a0e6-6b05226f126e', 38);
INSERT INTO NauczycielPrzedmiot VALUES ('f264598b-04bb-4c17-a0e6-6b05226f126e', 39);
INSERT INTO NauczycielPrzedmiot VALUES ('f264598b-04bb-4c17-a0e6-6b05226f126e', 40);
INSERT INTO NauczycielPrzedmiot VALUES ('f264598b-04bb-4c17-a0e6-6b05226f126e', 41);
INSERT INTO NauczycielPrzedmiot VALUES ('f264598b-04bb-4c17-a0e6-6b05226f126e', 42);
INSERT INTO NauczycielPrzedmiot VALUES ('f264598b-04bb-4c17-a0e6-6b05226f126e', 43);
INSERT INTO Nauczyciel VALUES('a88309e2-1018-48ce-b68c-86d099600f1f', 'Maja', 'Małecka', TO_DATE('2001-01-16', 'YYYY-MM-DD'), 'inż.', DEFAULT);
INSERT INTO Konto VALUES('Maja.Małecka', 'nMajaMałecka', 0, 'a88309e2-1018-48ce-b68c-86d099600f1f');
INSERT INTO NauczycielPrzedmiot VALUES ('a88309e2-1018-48ce-b68c-86d099600f1f', 44);
INSERT INTO NauczycielPrzedmiot VALUES ('a88309e2-1018-48ce-b68c-86d099600f1f', 45);
INSERT INTO NauczycielPrzedmiot VALUES ('a88309e2-1018-48ce-b68c-86d099600f1f', 46);
INSERT INTO NauczycielPrzedmiot VALUES ('a88309e2-1018-48ce-b68c-86d099600f1f', 47);
INSERT INTO Nauczyciel VALUES('05005a64-e5a4-45d6-a6c9-02ee4bf8d425', 'Tobiasz', 'Stefański', TO_DATE('2014-02-23', 'YYYY-MM-DD'), 'inż.', DEFAULT);
INSERT INTO Konto VALUES('Tobiasz.Stefański', 'nTobiaszStefański', 0, '05005a64-e5a4-45d6-a6c9-02ee4bf8d425');
INSERT INTO NauczycielPrzedmiot VALUES ('05005a64-e5a4-45d6-a6c9-02ee4bf8d425', 48);
INSERT INTO NauczycielPrzedmiot VALUES ('05005a64-e5a4-45d6-a6c9-02ee4bf8d425', 49);
INSERT INTO NauczycielPrzedmiot VALUES ('05005a64-e5a4-45d6-a6c9-02ee4bf8d425', 50);
INSERT INTO Nauczyciel VALUES('a9565225-4f48-4b23-8d50-96973c01681a', 'Maksymilian', 'Sikora', TO_DATE('2013-01-25', 'YYYY-MM-DD'), 'mgr', DEFAULT);
INSERT INTO Konto VALUES('Maksymilian.Sikora', 'nMaksymilianSikora', 0, 'a9565225-4f48-4b23-8d50-96973c01681a');
INSERT INTO NauczycielPrzedmiot VALUES ('a9565225-4f48-4b23-8d50-96973c01681a', 51);
INSERT INTO NauczycielPrzedmiot VALUES ('a9565225-4f48-4b23-8d50-96973c01681a', 52);
INSERT INTO NauczycielPrzedmiot VALUES ('a9565225-4f48-4b23-8d50-96973c01681a', 53);
INSERT INTO NauczycielPrzedmiot VALUES ('a9565225-4f48-4b23-8d50-96973c01681a', 54);
INSERT INTO NauczycielPrzedmiot VALUES ('a9565225-4f48-4b23-8d50-96973c01681a', 55);
INSERT INTO Nauczyciel VALUES('399baafa-0c8f-4054-b77e-c41a7fdfe02a', 'Vladyslav', 'Zawadzki', TO_DATE('2012-09-30', 'YYYY-MM-DD'), 'mgr', DEFAULT);
INSERT INTO Konto VALUES('Vladyslav.Zawadzki', 'nVladyslavZawadzki', 0, '399baafa-0c8f-4054-b77e-c41a7fdfe02a');
INSERT INTO NauczycielPrzedmiot VALUES ('399baafa-0c8f-4054-b77e-c41a7fdfe02a', 56);
INSERT INTO NauczycielPrzedmiot VALUES ('399baafa-0c8f-4054-b77e-c41a7fdfe02a', 57);
INSERT INTO NauczycielPrzedmiot VALUES ('399baafa-0c8f-4054-b77e-c41a7fdfe02a', 58);
INSERT INTO NauczycielPrzedmiot VALUES ('399baafa-0c8f-4054-b77e-c41a7fdfe02a', 59);
INSERT INTO NauczycielPrzedmiot VALUES ('399baafa-0c8f-4054-b77e-c41a7fdfe02a', 60);
INSERT INTO Nauczyciel VALUES('d1a3c625-1e01-43fc-8f4b-1860204a8a4a', 'Yurii', 'Marzec', TO_DATE('2015-08-08', 'YYYY-MM-DD'), 'inż.', DEFAULT);
INSERT INTO Konto VALUES('Yurii.Marzec', 'nYuriiMarzec', 0, 'd1a3c625-1e01-43fc-8f4b-1860204a8a4a');
INSERT INTO NauczycielPrzedmiot VALUES ('d1a3c625-1e01-43fc-8f4b-1860204a8a4a', 61);
INSERT INTO NauczycielPrzedmiot VALUES ('d1a3c625-1e01-43fc-8f4b-1860204a8a4a', 62);
INSERT INTO NauczycielPrzedmiot VALUES ('d1a3c625-1e01-43fc-8f4b-1860204a8a4a', 63);
INSERT INTO NauczycielPrzedmiot VALUES ('d1a3c625-1e01-43fc-8f4b-1860204a8a4a', 64);
INSERT INTO NauczycielPrzedmiot VALUES ('d1a3c625-1e01-43fc-8f4b-1860204a8a4a', 65);
INSERT INTO NauczycielPrzedmiot VALUES ('d1a3c625-1e01-43fc-8f4b-1860204a8a4a', 66);
INSERT INTO NauczycielPrzedmiot VALUES ('d1a3c625-1e01-43fc-8f4b-1860204a8a4a', 67);
INSERT INTO NauczycielPrzedmiot VALUES ('d1a3c625-1e01-43fc-8f4b-1860204a8a4a', 68);
INSERT INTO Nauczyciel VALUES('d305ae8b-f482-468a-883a-01c0a2efe0d0', 'Stanisława', 'Skiba', TO_DATE('2001-07-11', 'YYYY-MM-DD'), 'inż.', DEFAULT);
INSERT INTO Konto VALUES('Stanisława.Skiba', 'nStanisławaSkiba', 0, 'd305ae8b-f482-468a-883a-01c0a2efe0d0');
INSERT INTO NauczycielPrzedmiot VALUES ('d305ae8b-f482-468a-883a-01c0a2efe0d0', 1);
INSERT INTO NauczycielPrzedmiot VALUES ('d305ae8b-f482-468a-883a-01c0a2efe0d0', 2);
INSERT INTO NauczycielPrzedmiot VALUES ('d305ae8b-f482-468a-883a-01c0a2efe0d0', 3);
INSERT INTO NauczycielPrzedmiot VALUES ('d305ae8b-f482-468a-883a-01c0a2efe0d0', 4);
INSERT INTO NauczycielPrzedmiot VALUES ('d305ae8b-f482-468a-883a-01c0a2efe0d0', 5);
INSERT INTO NauczycielPrzedmiot VALUES ('d305ae8b-f482-468a-883a-01c0a2efe0d0', 6);